Node,SIR
0,39.015
2,72.367
12,14.702
21,13.532
25,15.751
33,20.247
45,12.238
54,9.223
69,10.543
78,8.207
131,6.924
164,7.808
209,12.112
211,8.895
217,16.185
225,9.553
254,7.153
301,8.673
325,7.722
366,7.958
430,9.271
439,7.859
456,5.4
496,4.607
505,6.805
540,6.567
558,11.207
574,10.493
593,6.213
639,5.318
823,7.23
837,6.438
845,5.939
888,5.978
929,5.567
930,5.693
1022,11.871
1037,7.542
1076,5.139
1141,7.228
1151,7.743
1237,5.364
1239,5.617
1267,4.891
1269,6.308
1316,5.276
1403,6.102
1427,4.811
1571,5.446
1589,6.41
1606,5.818
1609,5.765
1624,5.492
1640,6.506
1722,5.136
1732,7.14
1771,4.69
1831,10.519
1836,5.769
1840,4.89
1888,5.727
1892,8.636
2042,5.426
2068,5.969
2298,5.012
2313,4.497
2394,6.201
2545,6.681
2564,5.562
2588,5.827
2646,3.984
2740,4.418
2786,4.48
2796,6.146
2881,4.875
2894,5.08
2911,5.32
2923,6.028
2934,5.789
2970,5.994
2975,4.659
3032,5.002
3105,5.289
3163,4.383
3209,4.02
3287,4.651
3364,5.298
3368,5.142
3446,5.27
3524,5.398
3833,5.402
3839,5.393
3853,5.539
4023,5.125
4345,6.616
4349,5.425
4363,6.077
4675,4.54
4735,5.179
4905,6.178
4971,4.573
4979,4.884
4993,4.413
5064,4.849
5096,4.799
5133,5.16
5229,8.332
5324,5.384
5347,5.496
5434,3.901
5468,3.946
5595,5.682
5668,5.736
5787,5.955
5860,4.828
5916,5.886
6254,4.197
6320,7.841
6347,6.243
6530,4.418
6637,5.421
6895,4.828
6961,5.077
7035,5.687
7118,4.993
7261,5.01
7277,5.487
7353,5.746
7541,4.104
7560,7.939
7650,4.334
7720,4.766
7731,5.226
1,25.731
3,41.623
7,49.122
13,21.601
16,8.665
17,21.461
18,25.406
87,9.065
265,8.318
564,4.856
648,4.02
903,4.708
1607,4.077
1697,3.751
1779,4.301
1805,4.763
1858,5.368
1923,6.009
2003,9.643
2546,5.403
2574,3.044
2636,7.886
2678,6.314
3766,3.64
4053,10.581
4610,4.858
5081,3.784
5460,3.733
6869,3.738
7112,3.764
4,58.622
6,21.964
8,18.036
10,29.797
14,25.814
24,20.768
27,12.922
31,25.723
32,15.806
35,12.238
36,13.736
41,16.097
44,16.101
47,12.272
49,9.302
52,17.524
56,22.511
63,23.625
64,13.354
74,9.841
79,11.873
83,12.556
88,11.219
92,13.772
119,10.107
134,23.99
143,10.089
153,11.02
165,14.927
175,10.78
202,12.356
210,16.037
223,14.433
228,10.183
234,10.404
236,12.88
248,11.329
251,9.91
269,11.031
289,11.35
312,12.281
329,10.064
333,9.343
339,8.397
340,10.385
364,8.856
379,12.262
446,8.787
452,8.286
454,10.498
466,8.705
483,15.089
487,9.621
507,13.983
529,9.098
572,10.03
580,8.626
585,10.667
608,14.156
610,15.206
619,8.559
620,7.659
621,11.032
657,11.463
671,8.743
677,13.032
686,9.259
688,8.729
720,10.381
736,10.752
750,9.276
792,9.194
796,8.901
814,9.836
816,10.811
851,10.778
873,8.509
877,8.58
924,8.332
966,7.654
1003,11.63
1014,9.278
1035,9.835
1059,8.659
1064,9.732
1088,9.187
1092,10.259
1131,13.105
1194,9.941
1199,8.62
1208,9.1
1241,8.864
1281,7.723
1304,8.535
1313,7.989
1337,11.269
1345,9.349
1350,9.023
1366,9.765
1386,8.957
1418,10.05
1503,8.04
1529,8.127
1563,8.634
1566,7.408
1593,7.355
1650,7.727
1661,8.059
1679,7.296
1683,11.873
1684,7.136
1725,8.535
1744,8.714
1754,10.217
1756,6.925
1792,8.541
1798,8.865
1822,8.505
1855,10.542
1882,8.158
1925,10.707
1941,7.91
1959,8.33
1964,8.179
2002,9.239
2024,7.701
2055,8.242
2117,7.805
2137,7.995
2138,9.31
2237,10.481
2251,8.798
2302,7.693
2314,10.663
2446,6.225
2495,9.786
2529,8.751
2543,7.648
2544,7.947
2606,10.927
2613,9.708
2617,8.141
2670,7.554
2758,8.098
2766,6.801
2773,8.271
2789,10.895
2794,8.446
2847,7.908
2917,9.162
2935,8.209
3052,10.15
3103,8.733
3120,13.878
3136,8.992
3156,7.705
3167,7.979
3168,8.739
3177,9.219
3317,8.103
3348,8.011
3430,9.485
3503,6.767
3508,8.134
3641,7.502
3677,9.979
3746,9.006
3767,8.522
3777,14.416
3789,8.88
3811,6.934
3831,8.321
3880,9.326
3908,9.072
3995,9.98
4005,7.946
4018,8.593
4101,8.121
4227,7.85
4228,8.808
4260,9.352
4289,10.394
4313,7.201
4440,7.959
4467,11.067
4567,7.768
4713,8.02
4720,7.531
4750,8.339
4802,8.529
4865,9.426
4898,7.212
4914,8.678
4924,7.977
4938,8.141
4972,8.476
5086,8.319
5104,8.222
5105,8.519
5219,10.158
5223,7.519
5359,7.759
5440,9.444
5471,8.681
5550,7.774
5619,6.093
5655,7.253
5755,7.38
5829,8.014
5865,7.714
5895,6.58
5908,8.836
6042,7.975
6238,10.282
6256,7.278
6268,9.004
6384,10.684
6583,7.312
6601,7.301
6609,8.522
6622,8.333
6781,7.382
6903,8.748
6913,8.136
6992,7.65
7026,7.956
7103,7.336
7115,6.12
7197,9.435
7287,7.456
7316,6.976
7320,8.349
7331,8.15
7362,8.437
7574,8.597
7610,8.773
7703,8.028
7735,7.793
7889,6.806
7917,8.809
7930,7.147
7942,8.503
7998,8.284
5,81.979
106,7.754
127,12.973
130,14.203
189,7.195
197,4.962
247,7.024
328,10.456
338,6.91
382,14.467
498,5.288
500,5.246
952,7.324
1176,8.37
1329,5.14
1460,8.152
1551,5.603
1728,4.85
1845,5.508
1942,5.069
2029,6.211
2097,5.658
2481,5.26
2723,5.73
3077,5.046
3134,5.654
3513,4.855
3683,5.235
3704,4.389
3711,6.38
3855,4.134
4382,5.639
4475,4.432
4592,5.082
4817,5.271
4875,6.136
4888,5.408
5226,10.868
5622,5.623
6032,3.983
6117,4.803
6300,4.69
6540,4.936
6663,4.209
6821,5.464
6877,6.476
6918,4.828
6929,5.753
7052,5.021
7180,5.874
7753,5.289
7896,5.355
11,40.858
26,28.135
28,16.966
29,8.358
30,22.26
61,17.439
86,21.217
91,12.176
93,8.753
109,8.654
138,10.851
142,18.237
154,10.305
183,9.85
192,9.723
194,12.093
206,12.356
294,10.285
297,7.844
300,8.722
374,8.269
386,7.967
433,12.445
531,7.204
576,7.44
581,9.535
605,6.851
658,10.371
779,7.439
782,6.532
788,8.683
844,8.448
911,13.696
918,7.348
980,7.474
983,8.686
986,7.528
1041,6.678
1056,6.652
1066,10.113
1113,8.022
1137,8.109
1190,7.983
1240,8.81
1359,6.608
1414,7.064
1477,6.707
1546,7.985
1638,6.535
1639,8.988
1665,6.706
1770,8.861
1782,7.286
1927,7.325
2006,7.384
2052,6.483
2080,7.039
2162,6.996
2204,7.019
2205,7.186
2309,10.537
2331,6.195
2336,6.872
2360,8.499
2433,5.891
2458,7.577
2466,6.542
2474,7.208
2477,9.334
2568,6.336
2884,8.119
2886,6.117
3072,6.049
3146,5.455
3236,7.384
3284,6.893
3357,5.588
3360,7.784
3361,5.036
3371,6.563
3406,6.886
3537,7.264
3584,6.307
3587,7.259
3618,7.177
3642,9.192
3649,6.998
3655,6.261
3760,6.091
3799,7.215
3858,6.039
4047,5.973
4081,6.108
4086,6.973
4191,6.636
4210,6.863
4224,7.448
4262,6.465
4564,6.255
4622,7.196
4765,6.392
4832,9.167
5020,6.413
5061,5.659
5171,6.568
5213,6.614
5369,14.399
5390,5.789
5397,6.958
5659,6.64
5715,6.324
5873,12.771
6213,5.984
6327,7.211
6408,7.082
6481,7.885
6487,7.458
6653,6.064
6711,6.668
6803,7.296
6831,5.449
6999,6.429
7077,6.373
7243,11.696
7351,6.348
7506,7.334
7592,5.215
7711,7.32
7793,6.289
7798,6.891
7823,7.291
7861,6.606
9,16.979
15,36.237
20,11.878
34,18.509
43,12.745
46,9.714
50,24.369
57,14.746
60,19.933
62,18.743
67,27.937
71,20.958
75,14.233
80,14.089
90,12.94
101,16.693
103,12.069
105,10.942
108,11.73
114,23.704
125,11.147
126,12.151
141,14.437
156,15.635
173,10.855
185,15.202
219,14.937
230,9.903
243,14.422
249,9.211
250,11.322
252,10.24
268,13.41
274,11.425
277,15.194
306,12.137
337,11.098
352,11.346
356,8.456
357,14.855
358,10.603
373,14.283
377,13.904
378,11.041
393,10.736
437,14.838
451,9.677
511,9.645
530,9.898
562,10.525
563,12.619
565,9.048
573,11.056
578,9.756
582,8.055
649,11.196
662,9.032
667,11.452
685,14.042
715,8.331
716,10.576
722,11.794
738,8.733
753,9.387
762,11.799
766,10.544
769,9.835
778,10.359
819,10.249
855,10.439
862,7.95
885,8.198
897,10.806
917,8.866
954,10.861
962,11.656
964,10.398
978,9.923
990,9.108
1017,10.928
1034,8.322
1081,8.167
1164,9.408
1207,9.145
1213,8.889
1218,9.497
1248,10.526
1323,9.13
1325,8.816
1326,10.712
1336,11.737
1358,7.478
1376,9.559
1389,9.44
1422,7.081
1437,9.152
1456,10.832
1480,10.297
1488,9.842
1498,8.789
1507,9.276
1515,8.8
1549,8.243
1574,8.439
1590,8.059
1596,8.949
1625,9.844
1656,7.589
1662,9.573
1664,10.888
1709,8.123
1710,7.88
1736,9.54
1762,8.797
1766,11.702
1810,9.91
1866,9.584
1875,9.521
1881,10.13
1885,7.694
1913,11.691
1938,11.569
1947,9.054
1961,8.588
1971,8.808
1983,8.487
2032,9.711
2116,10.848
2136,9.134
2188,9.476
2193,10.021
2278,9.066
2384,8.799
2437,10.392
2438,10.543
2460,9.768
2478,8.358
2584,9.553
2627,8.58
2647,9.438
2677,9.111
2710,8.438
2749,9.971
2946,9.915
3040,8.248
3223,7.887
3252,8.096
3283,8.802
3333,8.297
3343,11.138
3369,8.944
3387,9.817
3392,8.565
3451,8.947
3520,7.787
3624,11.352
3685,8.962
3740,9.708
3761,9.524
3821,11.061
3841,8.893
3910,11.813
4006,9.848
4015,7.976
4214,9.037
4218,9.575
4279,8.725
4306,9.105
4332,8.134
4386,10.638
4421,7.936
4453,8.053
4457,10.107
4487,10.08
4556,9.811
4559,7.519
4595,9.233
4664,9.939
4727,11.571
4743,10.693
4795,9.199
4912,9.46
4913,8.378
4994,10.078
4999,8.187
5038,8.592
5059,9.084
5073,8.478
5190,8.83
5236,8.731
5255,7.961
5285,8.673
5286,8.771
5326,8.067
5420,9.194
5574,9.567
5716,8.195
5727,9.244
5750,7.602
5780,10.624
5789,8.324
5810,8.381
5850,7.77
5880,7.551
5896,9.413
5935,8.568
5968,10.146
5977,8.279
6021,8.829
6074,7.023
6121,7.993
6122,8.284
6160,9.898
6209,7.716
6220,9.505
6228,8.717
6248,8.497
6260,9.078
6365,8.177
6412,8.248
6457,9.791
6472,9.308
6482,8.548
6525,10.369
6553,8.257
6661,10.424
6782,7.468
6883,7.686
6894,8.324
6936,8.521
6953,7.836
6982,8.468
7027,8.379
7144,8.534
7167,10.302
7230,8.841
7264,8.208
7269,8.081
7380,6.494
7483,9.792
7586,9.371
7723,8.862
7750,8.811
7806,7.932
7901,9.208
37,9.002
81,10.072
170,5.128
207,8.473
220,4.748
253,6.621
471,6.161
522,3.884
773,5.135
856,5.804
1254,3.408
1573,4.168
1844,5.546
2288,4.893
2420,3.546
2518,3.943
2593,6.099
3159,3.672
3400,4.197
3423,3.605
3759,4.347
4129,3.442
5796,2.621
6334,4.146
6655,3.497
19,21.495
38,13.678
39,11.947
72,12.59
73,10.718
96,10.48
113,13.673
116,9.814
117,16.518
121,9.036
139,15.341
158,7.17
159,7.133
176,12.889
179,9.338
190,12.357
195,6.976
196,6.243
215,10.092
216,9.735
305,7.865
394,7.041
395,9.342
407,6.591
434,8.286
436,6.791
477,6.403
546,7.102
547,8.285
584,6.402
612,5.953
632,8.848
702,8.444
791,7.509
870,7.379
963,9.963
981,6.352
1146,6.774
1149,6.416
1169,6.194
1186,5.876
1212,6.566
1261,7.698
1298,7.541
1371,6.273
1372,6.686
1447,8.395
1601,7.074
1604,5.857
1605,5.039
1643,4.562
1693,6.184
1797,6.767
1848,6.787
2045,5.838
2074,5.8
2240,6.29
2246,6.894
2264,6.42
2287,8.06
2388,5.465
2402,5.435
2414,6.065
2441,6.82
2450,6.155
2534,5.148
2592,6.232
2653,5.752
2785,5.579
2817,7.483
2829,6.597
2999,6.229
3051,7.276
3190,6.883
3208,6.985
3218,6.987
3253,5.798
3267,6.265
3303,6.301
3350,6.089
3381,5.836
3417,5.302
3467,6.776
3495,5.892
3561,7.044
3592,5.96
3601,5.637
3843,5.555
3906,5.148
3924,6.972
4058,8.304
4099,6.73
4110,4.833
4194,5.481
4207,6.459
4374,8.136
4394,5.626
4514,7.398
4583,6.696
4600,6.612
4633,5.678
4670,7.501
4676,6.006
4736,5.677
4828,5.833
4866,5.579
4903,5.739
4982,5.401
4984,9.488
5128,7.906
5237,6.892
5563,6.975
5673,5.806
5731,5.496
5740,6.351
5760,5.919
5766,5.673
5782,5.334
5828,9.861
5855,5.959
5864,7.661
5994,5.446
6102,5.741
6129,9.026
6211,6.826
6299,6.666
6402,5.451
6598,5.565
6603,7.301
6639,7.075
6680,6.22
6694,6.077
6702,5.42
6940,6.034
6959,6.092
6971,5.11
6981,5.495
7019,5.83
7022,4.685
7090,6.219
7110,6.313
7113,6.84
7134,5.988
7177,6.506
7222,6.44
7235,6.477
7238,4.578
7278,4.701
7337,5.615
7340,4.714
7609,6.333
7630,5.493
7636,5.573
7692,6.078
7713,5.888
7727,6.47
7733,6.133
7855,5.944
316,5.155
633,4.016
1633,3.023
2318,2.718
5842,4.213
5988,4.346
42,9.346
95,8.134
137,5.033
323,6.154
464,5.059
843,3.44
1223,3.52
1600,3.876
2505,3.849
2742,2.393
2963,3.382
2997,3.078
3057,2.576
3135,3.753
3216,3.11
3525,3.582
4042,3.188
4065,4.119
5098,5.661
5123,3.483
5739,2.991
6215,2.597
6253,2.51
6797,2.569
7207,3.367
7401,3.065
7556,3.212
7725,3.943
22,7.581
76,11.921
111,9.667
231,5.7
348,5.708
447,6.673
450,5.579
463,4.489
472,4.03
486,6.319
524,4.521
539,6.345
622,4.047
811,3.319
1008,4.407
1251,4.291
1654,3.801
1719,5.43
2096,4.797
2211,5.967
2224,5.951
2300,5.891
2449,3.878
2827,4.702
2845,5.561
2859,4.605
2871,4.4
3061,6.084
3309,6.526
3492,3.51
3527,4.629
3590,4.536
3608,3.224
3739,3.898
4037,5.328
4225,3.517
4361,4.536
4379,5.433
4692,3.925
4707,3.898
4840,5.561
5206,3.65
5450,4.488
5461,4.571
6082,3.723
6092,4.269
6165,4.116
6207,4.411
7062,4.155
7083,2.956
7471,4.175
7550,4.712
7582,3.746
7886,4.492
23,14.125
40,10.323
110,6.266
122,14.407
136,10.233
212,7.214
222,7.551
261,6.27
314,7.807
408,8.909
420,7.38
445,7.211
480,9.574
533,5.839
550,7.195
591,8.876
594,6.426
625,6.5
701,6.818
705,6.452
755,5.89
941,5.393
998,7.986
1104,7.363
1220,5.172
1311,5.875
1396,5.748
1495,5.758
1645,6.15
1707,6.647
1780,5.992
1800,4.961
1865,7.272
1893,6.319
1990,6.637
2070,6.423
2109,4.981
2328,8.474
2404,5.723
2459,5.249
2515,5.0
2561,5.481
2597,5.808
2792,7.272
2812,4.725
3157,4.416
3170,5.714
3316,4.881
3365,4.845
3466,6.284
3638,4.868
3944,5.445
4049,6.268
4137,3.813
4377,5.275
4407,5.676
4624,6.752
4649,4.71
4653,5.588
5107,4.976
5172,4.643
5273,4.761
5404,4.611
5541,3.87
5569,4.593
5599,4.504
5813,6.675
5819,4.753
5905,5.221
6126,4.65
6166,5.541
6252,4.832
6644,6.62
6830,5.021
6839,6.669
7044,6.077
7065,5.705
7086,5.75
7314,5.315
7589,7.568
7691,4.692
7957,5.447
120,5.763
135,7.235
166,4.799
600,3.703
713,5.729
1552,3.94
1962,2.149
2893,2.403
2977,4.629
3773,2.499
3938,1.841
4195,2.212
6416,2.367
6674,2.488
68,12.796
99,10.208
266,7.14
267,9.444
276,3.602
350,4.716
423,4.374
495,5.384
687,2.886
907,4.483
937,4.806
1012,5.371
1023,5.552
1203,6.105
1322,2.719
1712,5.27
1761,2.709
2306,4.302
2320,4.793
2555,3.674
2562,4.269
3579,4.209
4287,6.159
4301,3.456
5719,3.36
5720,2.997
5877,4.02
6011,3.404
6040,3.287
6377,3.335
7700,3.116
7751,3.406
7869,2.959
97,4.682
174,8.559
242,7.54
299,4.876
336,6.508
427,6.156
462,7.689
596,3.927
602,5.069
647,6.496
804,5.792
961,6.516
1001,5.405
1189,3.938
1318,3.314
1335,5.738
1357,5.258
1867,6.322
1873,4.853
2016,3.623
2057,3.872
2067,3.78
2853,3.807
3076,3.86
3234,3.421
3275,5.077
3591,4.127
3713,4.774
3775,3.85
3943,4.32
4364,3.472
4714,3.542
4976,3.846
5018,2.66
5294,3.755
5521,4.268
5681,4.603
5918,3.588
6303,3.239
6420,3.289
6563,4.061
6632,3.715
6829,4.104
6882,3.607
7074,3.631
7146,3.355
7258,5.276
7788,3.4
7856,3.564
53,8.342
55,9.964
123,7.25
150,7.241
227,8.184
241,6.519
245,6.364
381,5.212
401,5.192
432,6.641
569,5.43
641,5.68
684,6.092
696,7.678
735,6.651
746,7.268
777,7.549
798,6.937
841,5.306
849,5.066
919,5.376
931,6.828
1013,5.542
1020,6.726
1021,4.583
1100,5.828
1105,6.452
1119,5.73
1172,4.442
1253,5.934
1265,5.577
1374,4.829
1405,4.205
1491,4.597
1526,6.473
1564,4.864
1635,5.141
1641,4.312
1669,6.843
1879,4.933
1933,4.675
2145,6.266
2157,4.539
2253,5.041
2551,4.904
2629,4.109
2915,4.221
2926,6.534
2951,6.092
3133,3.885
3277,3.738
3374,4.692
3489,5.1
3539,5.59
3644,5.723
3824,4.967
3926,6.22
3946,4.857
3964,5.046
3997,3.867
4111,6.153
4176,5.549
4526,4.111
4585,5.152
4763,5.623
4800,4.976
4943,6.501
5192,5.471
5342,6.493
5707,5.326
5913,4.899
6004,4.235
6030,4.329
6059,5.39
6242,5.115
6355,5.855
6506,4.151
6584,3.819
6691,5.141
6771,5.011
6860,6.011
6916,5.254
7045,4.431
7125,5.089
7437,4.484
7554,4.408
7975,4.647
429,2.6
1086,2.648
2577,2.39
2757,2.285
3688,2.371
6783,2.022
6887,2.191
51,14.035
58,6.283
59,12.595
77,6.045
304,7.372
628,3.994
638,5.946
666,5.431
809,4.606
822,3.309
934,3.963
1102,4.19
1135,4.365
1338,4.874
1431,3.998
1686,4.039
1749,3.644
2037,4.721
2356,3.714
2660,3.543
2763,3.432
2808,2.963
3488,3.925
4241,4.053
4411,3.492
4451,3.979
4605,3.289
5327,3.147
5909,3.57
6043,2.666
6062,3.953
6393,3.246
6641,2.775
6714,3.915
7098,3.397
7217,3.01
7348,3.489
7393,3.29
7908,3.021
118,6.222
256,6.332
349,6.379
426,6.035
497,4.5
599,4.748
606,3.875
672,4.7
734,4.247
787,4.737
829,3.387
892,5.687
1182,3.288
1270,3.463
1351,3.94
1721,3.695
1801,5.195
1907,3.235
2179,5.304
2282,5.286
2523,3.921
2621,2.974
3083,4.818
3086,4.487
3206,4.356
3893,4.682
4422,3.519
4637,3.075
4978,5.387
5047,3.232
5196,3.706
5283,3.667
5491,3.34
5536,3.601
5898,3.301
6331,4.11
6422,5.052
7220,3.443
7255,3.771
7488,3.33
7663,3.306
65,7.848
100,6.181
104,13.259
264,5.099
385,4.217
387,7.613
519,5.013
538,4.454
545,4.929
725,4.509
730,6.019
882,3.33
905,3.811
920,3.427
945,4.417
1039,4.782
1226,5.868
1352,3.17
1433,4.729
1587,4.753
1813,4.978
2189,4.979
2342,4.592
2448,4.353
2492,3.375
2807,3.333
2868,2.818
3199,3.422
3222,3.108
3494,4.529
3566,3.357
3854,3.22
3861,3.304
3958,3.522
4295,4.307
4335,3.827
5577,3.936
5773,2.157
6012,3.709
6134,3.943
6297,4.485
6396,3.852
6509,3.437
6872,3.397
6920,2.583
7023,4.725
7341,3.586
631,4.868
1206,3.565
1876,3.236
4140,2.661
7349,1.928
180,5.368
390,4.719
2729,4.321
3481,3.577
4130,2.946
4348,2.488
4744,3.415
317,7.101
900,4.203
1145,2.958
1603,2.827
2401,2.044
2927,2.705
4305,1.94
4347,2.176
4620,2.417
5912,2.182
6031,3.045
383,3.081
444,4.482
617,4.544
757,2.794
1009,3.494
1197,4.828
1291,2.735
1332,2.873
1409,3.509
1628,3.026
1700,3.178
1774,4.156
1880,2.989
1945,3.829
2056,2.598
2290,2.863
2389,3.97
2991,3.792
3227,2.807
3979,3.537
4968,3.597
5923,2.541
6382,2.271
6442,3.138
6820,3.293
7914,3.229
460,3.356
494,4.411
515,4.572
1070,3.875
1106,3.543
1112,3.558
1827,6.758
2106,3.091
2123,3.113
2469,4.321
2728,4.619
3496,2.709
4235,4.232
4874,3.612
5013,3.528
5028,3.075
5514,3.255
5882,3.779
5925,3.259
7621,2.691
255,3.474
372,4.157
389,5.743
396,3.564
443,3.325
561,4.311
928,4.125
969,2.817
1200,3.047
1216,3.582
1567,3.333
1738,2.64
2417,4.666
3533,2.508
4032,2.428
4640,5.063
4673,3.15
4684,2.911
6865,2.754
7468,2.465
66,6.206
149,4.947
205,6.582
346,6.325
413,4.802
490,6.607
532,4.912
710,5.289
723,5.569
1078,6.266
1188,6.487
1193,4.498
1459,7.019
1497,7.607
1884,5.957
2108,3.527
2134,4.499
2294,4.459
2332,3.513
2716,5.879
2753,3.949
3270,3.836
3465,3.858
3549,3.445
3675,5.532
3907,4.465
4369,6.229
4546,3.763
5087,4.699
5485,3.411
5604,3.581
6044,4.258
7883,4.236
355,4.237
388,7.303
399,5.001
470,3.565
597,4.313
922,2.186
975,3.008
1231,3.461
1361,3.091
1967,2.623
2183,3.029
2373,4.398
3021,3.159
3149,2.406
3484,2.914
3580,2.536
3888,3.38
4410,2.775
4596,3.115
4751,2.95
7236,2.782
7394,1.893
7526,3.965
7819,2.878
181,3.598
362,5.212
402,4.696
520,4.606
743,6.196
850,3.371
1449,3.814
1516,6.085
2430,3.524
3315,2.729
3418,3.935
3472,3.873
3652,4.016
4150,3.195
4240,2.32
4433,2.829
4587,3.391
4809,2.488
6359,3.011
6418,2.695
6568,2.922
7484,2.767
7491,2.837
177,8.687
2908,2.167
4426,2.214
4780,2.684
4967,1.721
7590,2.788
48,13.486
140,9.078
151,6.605
152,5.975
240,4.879
257,5.456
272,8.702
491,4.223
650,3.879
768,5.11
2396,3.923
2465,2.966
2608,4.846
3044,2.807
3172,3.719
3272,3.531
3509,3.462
3656,3.741
3697,2.904
4025,3.584
4043,2.821
4056,4.096
4323,4.074
4792,3.152
6414,3.403
6474,3.981
6798,3.677
7708,3.158
7777,3.499
7982,3.673
132,6.579
145,11.533
157,7.047
324,3.856
371,4.981
513,4.775
760,7.681
808,4.799
821,4.562
834,4.76
1061,5.837
1142,4.671
1288,6.13
1734,5.491
1891,4.085
1960,4.55
2044,4.203
2051,3.582
2268,4.008
2391,3.7
2407,3.751
2480,4.003
2582,4.31
3151,3.571
3217,3.492
3221,4.408
3265,4.608
3281,3.56
3331,3.822
3389,3.706
3476,4.096
3491,4.362
3635,3.46
3684,3.062
3851,5.117
3864,4.844
3988,4.032
4014,3.967
4508,3.607
4544,3.675
4626,3.967
4645,3.508
4671,4.045
4700,4.297
4776,3.777
4785,4.065
4855,3.916
5099,4.943
5287,3.975
5424,3.015
5638,4.304
6555,4.838
7141,3.325
7427,3.843
7462,3.367
7552,4.283
7769,3.164
7964,4.065
82,14.863
384,5.927
459,4.797
1232,3.314
1509,4.23
1702,2.835
1932,3.748
2370,3.747
2374,2.91
2376,3.357
2702,2.989
2706,2.9
2995,3.069
4490,2.445
98,4.192
204,6.665
208,8.664
293,5.679
309,11.272
345,4.094
479,3.834
485,6.199
548,4.719
583,4.742
729,4.641
770,5.96
813,3.713
848,4.84
864,4.823
953,4.276
977,6.769
991,4.475
1069,3.313
1098,5.38
1124,5.815
1230,3.723
1309,4.512
1493,4.325
1518,4.078
1585,2.784
1597,3.004
1979,2.983
2493,3.646
2524,3.341
2553,3.618
2651,3.072
2842,4.174
3049,4.725
3198,3.443
3432,4.395
3628,3.379
4116,4.081
4540,3.073
4599,3.379
4648,3.174
4871,4.433
5060,3.1
5174,3.081
5510,2.772
5788,3.107
6274,3.424
6313,3.323
6627,3.773
6725,3.227
6743,3.335
7106,3.888
7794,2.857
7884,2.798
668,4.052
913,3.226
1872,3.363
1991,2.825
2471,3.541
2668,2.264
3204,3.315
4418,3.683
4770,2.329
5191,2.902
5625,2.518
5689,3.377
5708,4.061
7414,3.812
7730,3.188
675,4.292
1580,2.642
3212,2.462
4929,2.779
6080,2.324
171,3.552
4702,3.146
5258,2.767
5724,2.715
7656,2.43
1293,3.552
1988,3.345
2167,2.309
2661,2.449
3602,1.799
4391,2.655
5279,2.57
5934,2.851
7091,2.073
7828,2.578
144,5.676
416,3.889
435,5.531
624,6.025
1295,2.098
1599,3.351
1723,2.81
2036,2.849
2125,2.492
2148,3.023
2485,2.851
2701,3.522
2825,3.744
3098,4.209
3920,2.855
3987,2.841
4046,2.633
4213,2.545
4390,2.834
4392,2.381
4586,3.062
5262,2.549
5502,2.913
5717,2.929
5914,2.597
6432,3.279
6492,2.569
6592,3.001
6784,3.614
7122,3.351
7572,3.166
7601,3.781
85,16.133
972,3.748
1262,2.703
1378,2.518
4024,2.055
4480,2.857
4608,2.955
5496,2.393
6488,2.224
7325,2.415
94,3.989
683,6.304
765,2.531
948,4.309
2333,2.639
2598,3.776
2643,2.738
2739,2.4
3548,2.65
7251,2.752
112,12.9
310,2.66
761,3.712
1027,3.799
1956,3.202
2858,3.345
5793,2.845
7148,3.093
860,4.878
872,2.468
1227,3.124
1280,3.465
1543,3.574
1716,2.705
2272,2.624
2961,3.467
2964,2.19
4318,2.341
5559,2.321
5919,2.04
6033,2.208
6628,2.658
474,8.292
910,2.058
933,7.22
1002,3.08
1394,2.411
1430,4.271
1823,3.854
5158,2.975
5696,3.397
6921,2.342
465,3.282
1136,2.558
1250,4.031
1897,4.146
1949,4.557
1952,3.766
2925,2.843
3708,3.587
3832,2.999
3849,3.706
6009,3.477
6231,3.29
6587,3.621
693,2.675
1857,5.093
2171,2.691
2194,2.11
2654,2.167
3474,2.022
6437,2.606
6722,1.773
107,6.465
186,8.485
441,4.095
508,2.617
669,3.491
807,3.32
1356,2.342
1527,4.036
4223,2.412
4841,2.721
70,6.654
331,5.626
728,3.577
1260,4.169
1677,3.169
1703,2.763
1777,4.131
2079,2.291
2521,2.661
2567,3.516
3017,3.881
3065,3.674
3095,3.21
3500,3.977
4082,3.275
4797,2.396
6251,2.057
6459,2.113
6676,4.124
6851,3.079
7593,2.411
1244,2.124
1806,2.05
5212,2.127
5306,3.825
6019,2.644
6531,2.512
128,5.464
129,9.177
155,6.565
172,4.436
260,6.046
308,4.845
322,6.427
327,4.456
342,7.45
375,7.2
469,4.937
654,3.461
682,5.475
995,3.181
1038,4.946
1130,4.953
1436,3.829
1502,3.983
1670,4.127
1930,4.183
2095,3.69
2139,3.512
2221,3.19
2257,4.902
2666,4.088
2813,4.448
2841,3.323
2849,3.413
2866,3.175
3074,4.258
3112,5.042
3142,4.076
3327,3.37
3545,4.764
3567,3.152
3980,3.92
4127,2.958
4257,4.23
4367,4.04
4375,3.327
4438,3.669
4509,4.062
4547,3.172
4816,3.434
4825,2.996
5337,4.329
5811,3.535
6447,3.233
6499,2.901
6673,2.974
6845,3.722
7051,2.553
7416,3.094
287,5.216
290,4.6
311,7.968
689,2.235
908,3.806
926,4.627
1114,5.52
1187,4.462
1266,2.936
1464,3.977
1484,2.687
1519,3.756
1576,4.767
1695,2.773
1791,3.304
2979,3.178
4331,3.291
4470,2.259
4523,2.539
6558,1.725
6635,2.694
6808,2.588
7322,2.893
7622,2.364
191,5.314
461,3.456
521,4.234
559,3.982
1005,4.181
1818,3.797
2058,3.048
2099,3.083
3249,3.053
3689,4.0
3716,3.714
3727,3.033
3823,3.187
3866,3.417
5799,3.865
7233,2.851
1853,2.343
2875,1.958
4998,1.708
7294,2.615
618,3.777
1399,3.29
6535,2.91
7242,2.086
84,3.798
403,6.188
438,3.132
806,2.986
994,3.346
1177,4.409
2594,2.071
6115,1.872
160,6.274
417,5.677
589,7.656
661,6.439
970,4.755
1099,3.226
1321,3.531
1470,3.669
1680,3.468
1717,3.912
1783,3.634
1895,3.48
2041,4.653
2235,3.814
3127,4.892
3870,2.79
4429,5.198
4520,3.129
4557,3.642
4742,3.424
4928,3.605
5033,2.744
6247,4.123
6375,2.649
6819,2.822
7043,3.161
7495,3.194
7559,2.81
7913,2.775
697,6.666
974,3.845
1201,4.619
1283,3.259
1308,3.939
1648,2.321
1668,2.64
1763,3.023
2973,2.822
229,5.79
1167,5.502
1910,1.919
3111,2.371
115,5.233
146,9.741
169,8.147
199,8.531
319,4.985
609,3.459
615,4.192
783,6.61
1286,2.896
1300,3.695
1632,3.256
1644,4.814
1900,3.542
2258,3.359
2693,3.579
2850,2.93
3104,2.033
3487,2.761
3829,3.537
4074,2.49
4078,2.006
4447,3.043
4766,2.388
4810,2.955
5027,3.201
5084,2.741
5488,2.246
6270,2.941
6369,3.009
6778,2.462
6836,3.089
7206,2.674
7369,2.662
7473,2.922
7832,3.213
7956,2.756
188,3.557
351,6.566
411,4.836
698,3.994
747,6.862
801,3.25
889,3.645
895,5.1
916,4.296
1355,3.974
1694,3.66
2196,3.323
2507,3.33
2704,3.33
2744,2.83
2877,3.17
3351,2.96
3529,2.969
4167,2.7
4647,3.778
5211,3.567
5438,4.114
5546,2.758
5759,3.505
5820,3.902
5843,4.517
7752,3.203
7834,3.229
330,5.97
863,3.581
881,3.62
1051,3.23
1198,6.046
1235,3.29
1584,3.046
1742,3.008
2209,3.153
2463,3.517
3174,3.504
3258,3.605
3464,3.103
4319,2.894
4397,2.676
5937,3.215
283,5.878
365,2.992
541,2.657
613,4.789
984,4.816
1467,4.332
1481,3.423
1659,2.921
1887,3.286
3080,3.438
3654,3.116
3956,2.441
4277,2.636
4342,3.115
4533,2.42
4667,2.241
5143,3.399
5658,3.146
5890,2.88
6106,2.652
6789,2.91
6979,3.488
147,10.298
263,4.903
270,4.343
514,4.344
643,4.056
673,6.001
951,3.02
955,4.326
1044,4.663
1242,5.712
2259,3.189
2768,3.137
2860,4.338
2863,4.365
2989,4.309
3155,2.879
3797,3.612
3883,2.788
4075,4.017
4142,3.328
4398,3.897
4672,4.311
4944,3.45
5314,3.693
5315,4.262
5374,3.076
5889,4.566
5965,3.58
6909,4.042
6933,3.705
7066,3.494
7311,3.441
273,4.6
278,3.515
281,3.7
824,2.997
833,6.052
1558,3.397
1816,3.309
2657,3.853
3419,3.032
5469,3.405
5737,2.753
7154,2.875
7767,2.438
7990,2.36
404,4.862
544,3.702
1191,2.395
1428,1.955
1718,3.462
2790,2.498
7267,2.068
292,12.24
3569,2.727
4011,1.643
4740,2.215
5240,1.785
168,9.897
182,4.95
237,4.355
398,4.583
414,7.826
482,5.817
516,5.876
536,4.215
556,4.283
784,4.025
842,4.748
847,5.131
853,5.617
867,5.388
891,4.284
1043,2.83
1156,3.669
1301,3.742
1531,4.7
1652,5.042
1747,3.116
1787,4.176
1906,3.201
2114,4.252
2175,3.934
2348,3.218
2496,4.54
2954,4.811
3094,4.018
3297,4.036
3510,2.857
3542,4.189
3815,3.897
3865,4.036
3972,3.789
4172,6.181
4300,3.128
4436,3.288
4628,2.793
4629,3.017
5218,5.016
5282,5.246
5351,3.522
6159,3.915
6279,3.967
6517,4.827
6527,3.014
6915,3.673
102,6.601
124,6.695
275,4.355
280,4.634
655,3.99
1347,5.81
1556,2.698
1839,3.951
1874,2.813
2673,2.174
2887,2.564
2944,2.89
3024,2.728
3219,2.284
3923,2.418
4118,2.761
4796,2.184
5564,2.136
6287,2.337
288,6.609
1936,1.945
4460,2.796
6401,2.138
592,3.291
940,2.495
1730,3.253
2366,2.05
2770,2.186
3123,2.368
3339,2.792
4456,1.73
4521,1.985
5396,1.58
6580,2.446
6636,2.228
7232,1.776
187,6.082
244,4.323
282,6.784
354,3.513
492,4.759
512,7.397
518,4.521
732,4.464
754,4.153
826,4.712
999,3.582
1062,5.957
1147,4.505
1369,3.821
1429,3.694
1462,3.196
1565,4.752
1614,3.536
1950,4.45
2000,3.47
2329,3.758
2930,3.227
3034,3.951
3113,4.168
3285,4.217
3637,3.897
3977,3.946
4189,4.281
4396,2.867
4754,2.715
5029,3.684
5586,3.057
5778,3.106
6028,3.277
6346,3.813
6446,3.591
6539,3.949
6842,3.122
6848,3.738
6917,3.46
6955,2.84
7046,3.595
7319,3.802
7418,3.258
7899,2.82
528,2.676
912,2.181
1533,2.755
2542,2.314
2741,3.015
4055,3.585
7565,2.306
167,4.348
406,3.011
484,3.411
517,5.527
1234,3.139
1412,3.948
1739,2.88
2170,2.078
2184,4.303
2883,2.896
4755,2.574
5537,4.304
6549,2.801
7660,1.861
5774,2.382
397,6.014
626,3.884
1479,3.96
2569,3.818
4459,2.786
5922,2.047
6266,2.756
6633,2.516
6741,2.622
598,2.915
703,2.884
884,2.789
1004,4.57
1173,3.812
1466,2.581
1504,3.223
1663,2.956
2111,3.316
2503,2.745
2754,1.966
4708,2.579
5162,2.077
5417,1.94
5603,2.365
6333,3.085
6374,2.037
6449,2.087
6569,2.291
7169,2.078
7643,2.047
7766,2.522
7816,2.926
767,1.8
935,3.095
3278,2.106
4406,2.061
5335,1.642
1165,1.936
1413,3.574
590,2.391
1315,2.496
1416,3.131
1647,4.043
2415,2.686
2836,2.799
3411,2.891
4085,2.006
4454,3.142
4683,3.026
5634,2.591
5950,3.261
6351,2.471
6512,2.82
7040,2.527
89,11.48
455,3.023
857,4.198
1155,3.772
2913,3.227
2928,3.037
3609,2.755
271,4.601
944,2.414
2012,2.388
4778,2.295
5003,2.7
6027,2.068
6450,3.163
7860,2.828
7980,2.472
162,5.815
307,6.027
353,4.055
714,4.178
749,4.03
774,2.43
939,2.649
1134,2.894
1222,3.301
1387,2.734
1388,6.4
1926,2.818
2218,2.591
2434,2.391
2522,3.035
2548,2.323
2601,3.355
2630,3.334
2880,2.463
3376,3.853
3404,3.01
3599,3.511
4152,3.238
4941,2.541
5142,2.89
5183,2.48
5418,2.224
5535,1.96
6147,2.993
6185,3.088
6608,3.356
6802,3.29
6816,2.926
6837,2.36
6914,2.488
7075,3.662
7203,2.3
7324,2.342
7385,2.157
367,4.008
577,3.335
726,2.823
992,2.752
1011,2.88
1089,3.966
1483,2.814
2624,2.983
2879,2.783
3169,2.269
3749,3.871
4321,2.616
5042,2.971
7758,3.786
1042,2.103
4997,1.535
148,5.361
201,8.075
679,6.171
1211,5.379
1303,3.029
1339,2.655
1368,2.888
1878,3.144
2154,2.483
2527,2.924
2664,2.863
2932,2.129
2936,3.041
3091,2.204
3502,3.418
3743,2.688
3771,2.847
4259,3.111
5129,3.675
5144,2.924
5256,2.651
5274,4.019
5365,2.522
6071,2.104
6085,4.046
6089,2.465
6110,2.644
6289,2.68
6400,2.951
6892,2.769
7400,2.931
7837,2.952
7911,2.712
133,6.419
575,5.964
579,3.722
740,5.348
745,3.603
838,4.919
865,2.975
1029,3.74
1153,4.164
1317,3.923
1400,3.472
1511,3.461
1547,3.306
1646,3.349
1760,3.955
2263,3.889
2273,3.481
2455,4.179
2530,3.454
2730,2.616
2912,3.66
3097,3.205
3100,4.743
3166,4.184
3838,2.611
4104,2.413
4138,3.117
4308,3.462
4393,3.379
4446,3.274
4685,3.008
4856,3.056
5011,3.123
5040,2.945
5083,2.76
5109,3.328
5134,2.559
5313,2.569
5646,3.706
5666,3.347
5777,3.062
5996,2.993
6305,3.438
6478,2.91
6543,3.359
6716,4.124
7305,3.724
7392,3.276
7768,3.26
313,3.476
868,2.729
2665,2.205
2835,2.239
3560,1.848
3784,3.738
4975,2.76
5616,3.105
6410,1.542
6642,1.815
6775,2.142
7961,1.784
369,5.075
1047,2.038
1174,4.047
2585,2.64
2700,2.418
2969,3.693
3461,2.454
3970,3.659
4499,1.824
200,6.199
213,6.586
510,3.158
805,2.732
810,2.816
1094,3.814
1259,2.424
1402,2.989
1560,3.481
1825,2.795
1946,2.321
1997,2.227
2062,2.591
2439,2.657
2612,2.037
3093,2.39
3243,2.493
3366,2.044
3547,4.3
4703,2.897
4889,2.463
4955,2.107
5395,2.563
5572,2.596
5803,2.587
6015,2.619
6356,3.239
6790,2.961
7496,2.197
224,8.452
262,2.65
360,4.625
936,2.948
1395,3.032
1939,2.6
2120,2.904
2207,3.781
2319,3.44
4153,2.534
4690,2.018
5284,2.135
5291,2.994
5756,3.121
6841,2.159
7635,2.526
193,2.493
246,5.252
656,3.944
1559,3.418
1918,3.638
1953,2.9
2085,4.18
3003,3.287
3425,2.063
3526,2.309
4548,1.944
5166,2.408
5545,2.295
6352,3.4
1018,4.389
1278,3.467
1676,2.916
1943,2.737
3522,3.062
4859,2.452
6022,3.203
6799,2.485
7706,2.662
7872,2.584
1538,2.18
3776,2.769
6606,2.165
7529,2.197
284,2.879
302,3.684
318,3.192
334,4.873
1305,2.251
7563,1.488
428,3.446
652,5.263
846,2.427
335,2.553
557,4.69
904,2.435
1058,2.677
1101,3.115
1159,4.652
1302,4.132
1622,3.626
2219,2.126
2239,3.149
2265,3.159
2614,2.496
3514,3.088
4539,2.465
6171,2.444
6528,2.285
6867,3.289
7389,2.206
5671,1.908
6227,1.622
7497,1.472
614,2.255
3395,1.765
161,12.088
238,6.348
629,4.223
852,2.771
1510,2.064
2186,4.216
3026,1.926
3751,3.267
4663,2.314
6288,1.848
6683,1.738
1869,2.068
2378,2.821
2600,2.474
6494,1.866
285,3.991
286,3.698
321,6.659
501,4.835
554,2.577
886,4.232
1264,3.87
1432,3.142
2793,2.611
2844,3.708
3447,3.399
3523,3.836
3981,2.892
4020,3.312
4338,3.976
4485,2.743
4715,4.536
4760,2.643
4879,3.871
5121,2.792
5194,2.705
5266,3.058
5398,3.74
5475,2.903
5969,3.164
6017,3.518
6316,2.593
7107,3.401
7689,2.674
552,3.73
717,2.709
771,2.534
836,6.471
982,3.165
1570,3.543
1799,2.265
4808,2.42
2091,3.387
2141,2.91
2873,2.898
4311,2.293
5145,3.281
295,3.945
303,5.757
410,3.452
503,3.258
670,2.865
731,4.407
1246,2.285
1420,4.698
1557,2.927
1727,2.701
3232,4.832
3242,2.534
3337,2.629
3479,3.025
3990,1.979
4408,2.754
4716,3.347
4860,2.767
5006,2.568
5328,2.928
5573,2.58
6729,2.831
6907,2.335
6947,2.479
6952,2.478
6988,4.108
793,4.817
3674,2.412
279,5.538
985,2.23
1085,3.081
2159,2.258
3053,2.682
5663,1.991
7151,1.876
894,2.207
1443,2.499
1841,2.659
3035,2.362
4357,2.986
4615,1.652
4789,1.89
4806,1.866
5227,2.201
1133,3.323
1550,2.817
1735,2.986
3022,3.093
3874,3.725
6415,2.515
7997,2.659
214,4.15
315,4.7
442,3.131
706,4.055
744,4.994
1764,2.404
1904,1.905
2708,2.815
3535,2.074
4963,2.305
5243,2.393
7410,3.668
634,1.813
218,3.924
239,2.836
1367,3.1
1786,2.79
2327,2.192
2755,3.214
3415,2.611
7567,1.73
7830,1.829
178,4.491
343,5.323
909,3.858
971,3.8
979,4.434
1006,3.913
1384,3.124
1514,3.845
2083,3.05
2140,2.002
2230,3.063
2885,3.032
2959,2.308
3012,2.015
3557,2.556
5118,2.135
5636,2.731
6175,2.987
6277,3.074
6407,1.967
6723,2.435
7829,1.722
623,2.777
692,3.734
1060,2.526
1122,2.563
1675,2.204
2013,3.238
2291,2.451
2315,3.525
2743,2.711
2798,2.911
2801,3.081
2900,2.627
3482,2.201
4569,2.744
5307,2.718
6236,2.119
7140,2.466
7171,2.457
7528,2.16
226,3.548
376,3.786
489,3.788
534,6.158
543,4.933
718,4.973
1292,5.44
1572,4.981
2007,3.885
2321,3.271
2589,3.869
3158,3.639
3171,3.76
3304,4.873
3490,3.579
3530,3.456
4038,3.952
4139,3.493
4328,4.223
4612,3.216
4771,3.133
4836,3.657
5017,3.047
5032,2.769
5601,2.998
5822,3.731
6154,3.155
6273,2.882
6296,4.451
6843,3.413
6891,3.743
7216,2.922
7616,3.293
2688,1.823
2992,2.095
3816,1.949
3827,2.542
4365,1.898
5768,1.765
6366,1.727
391,4.148
794,2.401
1183,3.399
1334,2.332
1637,3.914
1765,2.153
2018,2.684
2025,2.552
2720,2.452
4602,2.302
5452,2.105
6225,2.302
6241,2.853
163,3.732
587,4.898
763,3.327
1981,4.91
3187,2.651
3663,1.806
4059,2.467
4128,2.987
4693,3.305
5903,2.223
6077,2.822
7284,3.412
1752,2.13
2375,2.366
4266,1.546
5729,2.381
6589,1.502
542,5.129
1898,3.226
2147,3.014
3452,1.746
3844,2.484
5159,1.981
341,5.284
759,2.182
6537,2.454
7002,1.421
184,10.149
415,4.011
1581,2.486
2160,3.575
2161,2.391
2517,2.866
3085,4.188
3382,4.076
3393,2.919
3470,3.47
4120,2.783
4144,2.41
4250,2.145
4278,3.06
4413,3.812
5102,3.912
5615,2.782
6522,2.414
6567,3.143
7355,2.382
7661,2.68
7893,3.557
854,4.552
1832,2.427
2178,1.991
2338,2.237
3068,3.071
4857,2.37
5179,2.301
5479,3.305
7732,3.359
7770,2.071
425,2.327
949,3.133
1090,2.366
1110,3.399
1487,2.545
1748,1.56
2053,1.714
2308,2.386
2393,1.91
3737,2.011
3966,2.059
4344,1.764
4609,1.526
751,3.29
1185,3.488
2035,3.125
2131,2.566
2254,2.935
2324,3.222
6856,2.437
595,2.69
883,3.535
1249,3.801
3574,2.781
3607,2.744
4537,2.265
5758,2.247
6931,2.816
566,3.057
785,4.729
1166,2.511
1221,2.087
1299,2.949
1455,2.745
1955,2.458
2216,3.075
2325,3.471
3791,2.295
4248,2.299
5169,2.445
5259,2.353
5426,2.62
6216,2.403
6510,1.919
7111,2.053
7409,2.447
5617,2.0
5661,1.782
7084,2.308
644,2.879
1626,2.505
1948,3.328
2727,2.327
3324,3.295
4601,2.048
4652,4.068
5474,2.897
6855,1.949
7774,1.756
1010,3.422
1103,3.772
1263,3.397
1461,2.987
1970,3.547
2231,4.392
3869,3.255
4135,2.589
4149,3.272
4527,3.458
4632,3.185
5126,2.553
5207,3.926
5332,2.914
6596,2.458
7759,2.101
1365,2.947
2199,2.485
3932,2.054
6285,2.44
7259,2.434
235,6.21
1655,2.248
2818,1.862
3412,2.025
4980,2.576
5022,2.063
5621,2.126
409,4.623
431,4.521
551,3.638
570,3.848
1171,3.51
1438,6.773
1468,4.831
1541,4.435
1555,3.335
2683,3.654
3037,3.056
3073,3.388
4108,2.715
4401,4.786
5261,4.512
5481,3.501
5952,4.865
7200,3.306
7374,4.527
1404,2.816
1535,2.324
3745,1.635
6361,3.158
680,1.73
1184,1.909
1724,3.451
2165,2.583
4864,1.694
6065,1.955
6202,2.71
7734,2.115
2659,1.893
4358,1.481
5108,1.789
6214,1.444
6746,1.729
815,2.737
1120,2.375
1238,2.612
1370,4.083
1482,2.89
1809,3.422
1877,2.144
2676,2.634
2834,2.444
3940,2.836
5999,2.644
6104,2.425
6902,2.935
259,4.675
298,4.599
467,4.082
560,4.609
704,4.715
840,3.743
1068,3.247
1272,2.178
1992,3.434
2228,2.935
2304,2.436
2351,2.516
2400,3.622
2473,2.47
2717,2.934
3189,2.708
3391,2.485
3485,2.739
3984,2.861
4098,2.828
4165,2.439
4428,2.223
4478,3.056
4531,2.653
4682,3.007
4835,2.446
4878,2.839
5482,2.332
5933,3.635
6561,3.55
6970,2.385
7390,2.844
7614,2.317
7773,2.594
7945,2.46
449,3.011
1196,2.671
1273,3.369
1554,2.514
1908,2.267
2487,1.969
2715,2.435
5480,3.064
5839,1.923
7932,2.987
527,4.07
627,3.735
927,2.953
1157,3.411
1282,3.929
1548,2.597
2249,2.6
2502,2.975
2672,2.803
3648,2.821
4427,3.079
5037,3.472
5517,2.424
6083,2.344
6863,3.691
198,5.011
419,4.97
468,3.906
473,5.484
733,5.964
1215,3.283
1715,4.702
2027,3.96
2088,3.884
2283,3.073
4010,3.964
4360,2.928
5525,3.357
6179,3.354
7307,3.243
7463,3.264
5430,2.184
424,2.654
1243,2.562
1274,2.56
4258,1.726
6368,1.746
233,3.722
2261,2.244
2816,2.514
3117,2.544
3512,2.434
3665,3.152
3700,2.333
4276,2.331
4920,2.354
5812,2.323
6433,2.059
7017,1.815
7518,2.648
478,2.18
603,2.103
1007,2.934
1032,2.551
1181,2.199
1463,3.407
1499,2.381
2150,1.777
2307,1.954
2774,2.266
3023,2.209
3239,2.683
4425,1.958
4706,2.522
4844,2.646
4863,2.911
4884,2.124
5124,1.888
6069,1.812
6125,2.205
6847,1.865
6944,2.542
421,4.34
476,2.5
742,4.256
812,3.98
2337,2.618
2426,2.291
2899,2.753
3050,3.953
3413,2.475
3475,2.31
3613,2.652
5522,3.264
5543,2.589
5570,2.194
6385,2.53
6838,2.481
7814,1.981
1568,2.308
2275,2.359
2703,1.935
3279,1.988
6055,1.996
6861,1.907
457,6.447
1053,2.647
1245,2.607
1517,2.039
3405,1.828
4686,1.724
5403,1.906
5589,1.608
6557,2.078
535,2.91
1542,2.298
6724,1.403
1179,3.336
2397,2.659
3059,1.826
5632,1.763
5875,2.192
7109,1.997
630,3.765
2270,2.692
2787,3.748
2435,3.087
2669,2.749
3096,2.798
4552,2.256
4925,2.382
6910,2.335
7241,2.37
7336,1.819
7925,2.271
1921,2.715
3703,2.146
3949,2.428
4179,1.941
4442,2.666
5322,1.794
5530,1.765
1807,3.227
2015,3.095
203,4.791
475,5.226
601,5.2
861,2.117
3301,2.632
7008,1.565
3973,2.636
5164,2.498
4027,1.623
1772,2.448
2113,2.594
2310,2.694
3604,1.655
3914,2.137
4804,1.668
7129,1.657
567,2.597
835,3.757
1139,2.373
2535,2.333
2919,2.542
2984,2.152
3261,2.607
3621,2.548
3978,4.151
4315,2.411
4502,2.412
4669,2.84
5931,2.008
7053,2.592
7214,2.019
7666,1.922
7672,3.253
568,2.082
1087,1.607
1870,2.159
3507,1.627
7042,2.109
1741,3.455
4201,1.679
6791,1.834
2107,2.377
2671,1.654
3139,2.078
830,3.655
1390,3.525
1451,3.646
1814,2.267
1968,3.58
1998,2.973
2416,2.665
2488,3.411
2738,3.473
2983,2.849
3336,2.678
5341,2.617
5596,2.797
5853,2.569
6788,3.254
1441,2.156
2623,1.761
3280,1.678
3718,1.758
3781,1.954
4932,1.526
5117,2.37
5568,1.548
6013,1.46
7539,1.842
7737,2.02
1082,4.31
3469,2.014
1344,2.401
1442,3.435
1579,2.384
2201,2.973
2215,1.83
3132,3.097
3742,2.727
3840,2.271
3898,1.947
3996,2.133
4109,2.015
4399,2.209
4772,1.902
5587,1.897
5946,2.453
7050,1.908
7562,2.006
874,3.444
1473,3.713
1544,2.583
3008,2.844
4232,2.123
4786,1.63
5833,2.436
6360,1.813
6371,2.283
7536,3.013
332,3.587
4286,2.074
7909,1.886
665,4.39
958,2.11
1362,2.313
2296,2.22
2422,2.008
2454,2.414
3863,1.756
537,1.98
1353,2.742
1690,2.665
5100,2.813
6319,2.56
7187,1.596
7505,2.171
7545,2.396
7591,2.033
660,3.38
1138,4.54
2122,2.733
2996,2.946
3723,2.137
4497,2.064
6072,1.7
6276,1.847
2180,2.454
2619,2.418
3728,2.159
6665,2.771
359,8.153
1423,3.425
3922,2.443
3930,3.23
4512,3.243
4783,2.085
5147,2.351
5992,1.875
6245,2.761
6612,1.899
221,3.39
828,3.753
1842,1.968
1894,1.802
2082,2.391
3679,2.48
4222,2.578
4501,3.082
5182,2.324
5608,2.24
6131,2.85
6217,2.275
6425,2.419
7361,1.961
7504,2.641
7902,2.198
3633,2.044
5370,1.434
7803,1.572
678,3.151
887,4.001
1671,2.178
3582,2.675
5906,2.393
405,4.219
1454,2.05
1750,1.698
2826,2.787
5600,2.497
1275,2.44
866,2.818
1435,3.292
3141,2.819
4353,2.257
4833,2.471
4966,3.293
5238,2.649
5292,2.609
6026,2.656
6195,1.826
6475,2.81
6777,2.152
7198,2.238
7514,2.331
7718,1.77
296,2.868
1079,4.47
1450,2.189
1755,3.202
2241,2.718
2782,2.675
3240,2.29
4271,1.974
5989,3.573
5997,2.318
6084,1.805
7670,2.237
775,6.484
946,4.16
1343,4.228
1379,2.661
1989,2.343
2046,2.62
2352,3.309
3311,2.931
3570,3.526
4233,2.882
4681,2.827
6281,3.574
7404,2.983
7763,2.864
440,2.403
1540,3.704
1834,3.4
2094,2.616
2102,2.046
3144,2.377
3589,2.534
4885,2.338
5866,2.396
6906,1.802
1312,2.783
2069,2.105
2367,2.519
3088,1.964
3717,1.871
3887,1.685
3896,1.807
3959,1.604
7089,1.951
232,3.609
7920,1.885
1210,4.497
1520,3.023
1578,3.764
3228,2.648
3235,2.414
3247,2.397
3407,2.254
5613,2.696
6383,2.64
6765,2.227
7877,2.959
320,4.603
820,4.581
1534,2.012
2185,2.807
2566,2.286
3292,1.798
3681,2.083
3798,2.531
4008,2.217
4611,1.717
6436,1.626
2084,2.106
2648,2.633
3099,2.386
3245,2.612
3262,2.527
4584,3.244
5264,1.793
7762,1.891
1121,6.55
4788,2.061
3408,1.855
4378,2.456
368,6.278
616,3.738
2447,2.745
4558,2.614
6941,2.244
7119,2.556
506,2.255
1307,1.912
1330,2.333
1373,3.52
1631,2.25
2019,2.405
2262,3.247
2978,2.046
3181,2.129
4216,1.984
4811,2.281
5861,1.907
7620,1.709
453,2.761
504,2.373
724,2.402
1225,2.48
2073,3.188
2086,2.809
3238,2.996
3289,2.18
3377,2.166
4261,2.021
6142,2.206
6826,1.759
7130,1.928
7963,1.881
1868,2.405
2895,2.296
3738,2.635
4034,2.598
6685,2.449
646,2.76
1075,1.788
2212,1.672
2538,1.962
3038,1.813
3345,2.144
4767,2.096
5852,1.964
499,3.553
645,5.045
1789,4.414
1889,2.729
2498,2.119
3063,2.253
4304,1.964
4416,2.575
5701,2.077
5943,1.528
6452,2.051
7055,1.757
7854,1.891
1096,2.627
1821,2.204
2008,2.876
5352,2.047
6742,1.521
493,6.344
607,2.616
2587,2.585
2633,2.151
2737,2.75
2791,2.583
3108,2.311
3788,2.37
4419,3.016
6148,2.803
6212,2.412
6222,2.62
6713,2.879
7299,1.947
7315,2.657
7421,2.125
7469,2.171
3016,1.944
5665,2.679
957,3.735
2156,3.72
3176,3.217
4591,1.927
4654,2.264
4965,2.271
5349,2.109
5662,2.314
5911,2.334
6577,2.401
6620,1.897
6754,1.946
6796,1.523
7028,2.535
7064,2.483
344,4.574
664,4.862
960,2.818
1052,2.442
1861,3.14
2271,3.4
2425,2.318
3505,2.582
3911,2.612
4117,2.774
4666,2.231
5203,2.851
6200,2.883
6717,2.389
858,4.029
875,4.515
2200,2.707
2637,3.697
3332,2.784
3575,2.954
5154,3.013
5186,3.3
5597,3.486
7509,3.046
636,3.862
923,3.261
1410,2.548
1657,2.442
2382,1.94
2929,2.241
3658,2.126
5683,2.224
6135,2.167
7329,2.139
7669,1.81
258,3.694
893,2.874
2223,2.274
3307,2.396
3899,1.727
4001,2.227
6318,1.673
6859,2.016
6901,1.805
361,3.205
1411,2.291
3667,1.979
6684,1.393
400,4.506
914,2.597
1285,2.504
2269,1.958
2476,3.03
5585,2.458
5614,2.332
5972,2.906
7840,1.973
1328,3.301
1586,1.914
2423,2.856
3885,3.583
5816,2.208
7613,2.238
7891,2.484
291,3.443
709,5.662
831,2.429
1383,3.038
2101,2.78
5375,2.7
5484,3.817
6514,2.296
1127,1.918
2475,2.03
3164,2.554
6675,1.366
7292,2.982
7576,2.178
1699,3.46
2864,3.266
2940,2.8
3576,2.539
3586,3.456
4198,3.435
6794,2.827
6810,2.588
7938,2.88
7994,2.932
876,2.649
1180,1.862
3090,1.695
6800,1.46
6932,1.804
7532,1.879
932,1.829
4303,1.758
6787,1.894
7117,1.723
993,3.94
1324,2.861
2129,4.051
4193,2.066
7743,2.301
422,5.391
549,4.411
708,1.91
1486,2.797
1804,3.22
2295,2.847
2432,2.445
3070,2.439
3559,2.237
3695,2.6
3719,2.417
4352,2.267
5458,2.414
5705,2.189
5959,2.031
6218,2.267
6681,2.463
6686,2.365
3772,2.257
3884,2.58
4112,2.463
5137,2.104
5215,2.031
5826,2.024
6335,2.483
6465,2.504
7121,1.989
7857,2.417
523,3.401
1296,1.902
1457,1.829
1642,1.78
3071,2.563
3260,2.489
3493,2.772
3779,1.998
4936,2.347
5097,2.791
1016,3.396
1860,2.284
2020,2.581
2898,2.484
5320,1.733
5703,2.063
6770,1.755
363,2.875
1485,1.932
1951,2.064
2121,2.09
3020,2.293
3443,1.578
3809,2.065
5785,2.251
1496,3.081
6668,2.287
2571,2.719
1040,2.729
2611,1.804
3254,1.434
3399,2.748
4322,2.353
4921,1.75
7988,1.386
509,2.381
2803,2.336
4103,2.142
4316,2.54
5497,2.062
7006,2.176
1150,3.21
3436,1.486
7102,2.028
2158,2.571
4270,2.787
4472,2.199
5784,1.861
5695,2.509
7105,1.583
1346,2.31
2525,3.892
3244,2.035
4022,2.047
4197,1.932
5034,1.866
5752,1.72
1204,2.099
2811,1.756
2153,2.807
2557,2.217
795,2.569
1408,2.948
1673,2.672
2176,3.316
2343,1.991
2483,2.61
2692,2.097
3066,1.655
3196,2.761
3871,2.026
4160,2.012
5635,2.868
7900,1.83
799,3.785
2444,2.614
4402,2.361
4534,2.333
5984,2.355
6255,2.912
7425,2.592
818,3.273
1290,2.625
1653,2.559
2297,1.775
3409,1.807
3429,2.5
3736,2.306
5904,2.451
5954,1.893
5966,1.532
5976,2.055
6107,2.448
392,3.209
707,7.542
2344,2.347
5582,2.103
5712,1.745
1790,2.618
3794,2.184
4881,2.633
5094,2.294
5888,1.933
7139,1.503
898,2.735
1077,2.815
1287,2.616
1769,3.664
2547,2.402
2573,3.172
2910,3.001
3355,2.511
3659,2.602
4339,2.687
7239,3.005
2214,1.538
3058,2.091
2519,2.486
3691,2.041
4184,3.583
5199,1.945
681,2.204
721,2.412
3009,1.65
3101,2.872
7358,1.945
3375,2.814
1401,3.217
1963,2.206
4317,1.682
6574,2.136
1375,3.531
3531,2.862
4161,2.04
4355,1.624
347,3.999
859,2.957
2127,2.042
2511,2.454
3338,2.284
3462,2.574
4445,1.605
4973,2.556
6038,1.569
6559,2.324
6695,1.62
2536,1.97
3763,1.816
1692,1.598
2591,2.881
5592,2.414
973,2.279
2632,1.681
5647,1.928
5862,1.589
5528,1.794
7523,1.965
418,3.705
2645,3.41
2948,1.861
3976,3.393
5648,1.896
7615,1.788
4900,2.273
7525,1.549
604,6.241
1160,3.229
1277,5.29
1811,2.093
1975,1.526
2132,2.541
2197,2.5
2220,2.281
3714,1.995
6747,2.638
7412,1.925
7423,2.16
1050,3.17
1678,2.865
2684,2.378
3067,1.746
4190,1.793
5187,1.734
800,3.505
947,3.337
1440,3.391
2494,1.742
2622,2.734
2769,2.235
3614,1.905
4180,2.083
4462,2.081
4471,2.647
5079,1.937
5583,1.821
6064,2.168
6719,2.039
6804,1.96
6893,1.935
7347,2.148
7417,2.543
555,3.033
959,3.05
1512,3.633
2222,2.703
2326,3.028
3294,3.253
4412,3.058
4603,2.454
5348,2.138
5470,2.344
7617,2.32
803,2.8
1830,2.791
1843,2.897
2482,2.734
2491,3.24
4084,3.217
5732,2.04
6221,2.027
6570,2.478
6720,1.919
7577,1.579
890,2.61
4087,1.988
4698,1.922
5892,1.408
7668,2.034
663,3.094
1751,3.131
2065,2.919
3581,1.957
7955,1.725
659,3.437
1233,3.75
2112,1.955
4273,2.404
5112,2.006
7009,1.839
7070,2.085
7376,1.697
412,4.759
571,3.879
653,2.384
5049,2.675
6127,1.852
7490,2.227
1057,2.206
5270,1.731
7313,1.482
2089,2.809
3499,1.492
4012,1.752
7645,1.831
370,3.278
2250,2.699
2316,2.605
2364,3.403
2814,2.965
3696,4.611
3985,1.787
4477,3.955
4895,2.023
5781,3.2
7527,2.246
7640,2.73
2350,1.502
1561,2.681
2445,2.063
4747,1.615
6306,1.68
6974,2.02
7432,1.756
1097,1.917
3735,1.478
3998,1.456
6079,1.622
1425,2.018
458,2.3
586,3.357
1682,2.673
1916,4.902
3298,1.782
3349,2.037
4561,2.138
5884,2.449
1284,1.99
2945,1.889
7551,1.495
1539,2.224
3138,2.153
1354,2.078
776,3.889
1478,2.357
3114,1.769
3901,2.053
4643,2.896
6086,1.821
6108,1.753
1363,2.335
2142,2.745
3195,1.673
3661,2.219
4823,1.776
6362,1.858
6666,1.551
6997,2.011
7137,2.619
553,3.629
1651,2.618
2966,2.22
2994,2.419
3786,2.373
3826,1.835
4455,2.267
7288,2.523
502,3.25
1819,2.96
2377,1.782
5821,1.575
6049,2.196
7010,1.768
7954,1.471
1071,2.97
1575,1.98
2064,3.047
2072,3.436
3154,3.57
3354,2.462
3916,2.517
3939,2.299
4009,2.009
4177,2.912
4420,2.151
4933,2.988
5960,2.282
6911,2.572
7360,2.382
7903,2.435
7968,2.977
326,3.39
1168,2.671
2595,1.715
3087,2.082
3921,1.924
4524,1.668
5421,1.752
5835,1.728
6706,1.738
1128,2.0
1258,3.863
1985,2.628
2206,4.31
2456,3.341
6008,2.215
6469,2.148
1553,2.533
4388,1.994
6473,1.801
5422,1.371
6526,1.795
7020,2.92
3229,1.71
4336,1.518
6774,1.46
4245,2.406
7275,2.874
4217,2.209
637,2.799
1073,2.893
1901,1.892
2638,1.426
6144,1.725
1591,2.134
2100,1.842
2105,2.162
2462,2.146
4123,2.555
4995,1.99
5870,1.873
756,2.184
1393,2.24
2550,3.458
4853,1.708
5234,2.429
6780,1.898
2017,2.196
4146,2.325
7499,1.572
6399,1.836
7685,2.558
7742,1.814
7943,1.945
640,3.901
1126,2.147
1348,3.057
1886,2.589
2043,2.511
3186,1.831
4927,1.833
4983,2.379
3442,2.745
5048,2.845
5316,2.247
6610,2.046
7480,1.894
7611,1.625
1753,3.133
2202,2.135
2203,2.21
2604,2.669
3125,3.112
3269,2.587
3313,2.994
3441,1.933
3729,1.889
3909,2.231
3969,2.697
4237,2.302
4291,2.312
5023,1.877
5611,2.633
5649,2.416
6381,3.139
6497,2.038
6619,2.134
7926,2.494
448,2.376
694,2.728
1349,2.748
2514,3.661
3179,2.874
5185,1.668
7253,2.031
2781,2.681
3251,2.809
4528,2.34
1439,2.538
3951,1.8
4268,2.078
4298,1.309
1469,2.355
1954,2.729
2126,2.202
2232,3.465
3585,2.21
4730,2.022
6876,1.885
6976,2.313
7873,1.863
7895,2.395
1708,2.89
3480,1.714
6430,2.205
6994,1.677
7726,1.836
1084,2.391
1802,1.936
3515,2.487
4249,2.427
5224,2.309
712,5.628
764,3.649
878,2.487
968,3.251
2355,2.538
3686,2.136
4764,2.524
5263,2.833
6638,2.548
6835,2.042
7286,1.935
7754,2.212
7579,1.927
2751,2.017
588,2.666
1778,1.797
1419,4.628
4164,1.565
6424,1.701
6672,1.58
7372,2.042
2274,2.59
1494,2.339
1595,1.72
1852,1.65
2405,1.954
5400,1.729
1629,2.277
4283,2.212
4691,1.509
7445,1.56
2634,2.527
3543,1.57
3593,2.295
5602,2.662
6156,1.557
2322,2.82
642,2.644
1031,2.026
2242,2.532
2707,2.688
2823,2.617
3011,2.413
3410,1.981
4937,2.102
5053,2.061
5278,2.156
5580,2.572
6048,2.133
7477,1.985
786,2.308
2130,2.682
2504,2.005
2541,2.243
3792,1.57
6317,1.899
7271,1.676
700,2.573
901,2.553
967,1.863
1030,3.128
2061,3.153
4443,1.835
5511,1.751
7178,1.623
7870,1.731
3000,2.278
5089,1.559
6926,1.639
7492,1.88
1598,2.729
2093,2.204
2399,3.307
3694,2.466
4761,2.539
4822,2.817
6935,1.907
1969,2.121
3900,1.514
6520,2.412
7966,1.76
3131,2.093
3197,1.701
4604,1.857
5887,2.024
6066,1.934
6249,2.252
6541,1.919
6850,2.622
2059,3.042
3536,2.712
4052,2.04
6928,2.323
481,3.687
2565,2.393
3401,2.328
3945,1.726
2838,3.187
6696,2.101
988,3.337
1154,3.615
380,3.757
611,2.265
2281,3.17
2380,2.866
2788,1.949
3015,2.301
3690,2.491
3813,2.161
4677,1.554
5392,2.883
5654,2.048
5964,1.743
7915,1.552
526,3.213
1162,4.275
1209,2.561
1613,2.775
2118,2.664
2429,2.53
2457,2.099
5214,1.78
5473,1.553
6491,1.955
6597,2.149
7782,1.688
651,4.102
1025,2.24
2334,1.972
2896,2.163
5180,1.744
5746,1.59
1849,2.408
2554,1.777
2247,2.439
3825,1.383
4890,1.689
5836,1.551
1424,2.951
1768,2.586
3999,2.116
1268,2.071
3306,1.503
690,2.85
3296,1.705
3603,2.249
3632,1.993
4642,1.837
4947,1.725
6646,3.151
4791,1.785
2626,2.348
4226,2.223
989,4.267
1111,1.612
2579,1.984
3428,2.831
4307,1.803
5509,1.695
5516,1.958
1067,2.583
1803,3.191
1812,4.155
2531,2.336
3115,2.52
3947,2.087
6226,2.168
7173,2.45
7363,2.45
488,3.159
3299,1.523
3183,2.358
7600,1.696
871,3.716
1055,3.383
3390,3.776
3678,2.828
4476,2.682
3919,2.654
2098,2.248
4203,1.621
5340,1.619
5869,1.598
6210,1.995
6640,1.839
7345,1.746
525,2.848
1074,2.063
2341,1.549
3356,1.364
5910,1.543
1922,1.775
4062,1.633
4185,2.199
4926,1.629
943,2.924
6709,1.863
737,3.271
3518,1.674
4017,2.069
7257,2.022
2747,2.093
6699,1.439
2340,2.786
2974,2.529
4093,2.728
5505,2.014
5857,2.046
1883,2.834
5157,1.873
6223,1.897
6662,1.452
1472,2.04
1636,2.601
2857,2.069
3571,2.141
3764,2.265
4486,1.536
5078,2.011
7501,2.015
1236,2.089
2512,1.696
2976,2.238
3573,2.548
4481,1.731
6169,1.512
7603,2.012
1123,2.244
1319,1.881
7517,2.453
7596,1.431
2736,2.679
3358,1.888
3830,2.103
4205,1.565
674,3.247
2115,2.781
2245,3.012
2311,4.523
2421,2.412
3118,3.51
3458,2.596
3636,2.851
4163,2.811
4199,3.191
5993,2.229
6045,2.019
7209,2.574
7693,2.409
4494,1.946
6341,2.099
3450,1.612
3753,2.128
6888,2.142
956,2.834
1049,4.847
1144,3.791
2243,2.398
2479,3.02
4028,2.98
4346,2.582
4491,2.384
6342,2.479
7644,2.694
2047,2.341
711,3.008
2804,2.308
3092,2.15
3321,2.567
3715,2.866
3913,3.011
4482,2.461
4710,2.814
5540,2.735
6219,2.157
7366,2.584
1521,2.063
2353,2.413
4784,1.766
6698,1.538
6728,1.991
2369,2.209
2655,1.879
3552,1.548
1583,2.608
1687,3.117
2164,2.769
2312,1.917
2805,2.105
2892,1.92
2982,2.125
3459,2.522
4051,2.479
4988,2.195
1397,2.321
1775,2.94
6515,2.234
699,2.147
1163,2.688
2048,2.129
2217,1.922
3025,1.808
3314,2.158
3416,1.745
6576,1.974
7386,2.164
635,3.193
915,2.611
1000,2.028
1505,1.786
1864,2.152
3203,1.837
3801,2.081
7802,2.57
869,3.09
1931,2.891
3687,2.949
3750,1.903
4631,1.828
5381,1.888
7099,1.774
1972,2.303
3233,2.041
4221,1.627
4256,1.944
7047,1.574
7082,1.419
7540,1.866
2506,1.404
3616,1.585
3904,1.51
4726,1.816
7843,1.476
2087,1.558
3220,1.631
832,2.698
1896,3.165
1994,2.851
2225,3.226
6615,2.339
6875,1.738
2028,3.058
2681,1.966
2889,2.181
6966,1.767
781,2.661
902,3.8
1148,4.724
2533,3.349
5153,2.629
5725,2.185
6278,2.144
6692,2.658
5698,1.552
676,2.258
2256,2.35
2497,3.727
6174,1.617
1063,1.34
3903,1.748
6443,1.923
2381,2.324
2392,1.758
6505,2.23
7302,1.606
3804,1.785
2851,2.307
5867,1.45
5749,1.714
5948,1.714
950,2.322
1294,2.13
2855,2.06
3707,2.076
5409,2.183
5748,2.372
6372,2.563
6858,2.457
7246,1.586
7862,1.834
7999,2.036
1838,2.059
4302,2.03
1195,2.417
3370,2.808
4733,1.628
4902,1.903
5439,1.801
1476,1.737
3640,2.153
7170,1.349
1224,1.995
1658,2.185
1746,2.329
1944,2.742
2144,3.12
2985,3.025
4581,1.71
5130,1.848
5210,2.003
6623,1.794
7444,2.667
7846,1.981
5721,2.22
6035,1.773
7533,1.684
3820,1.437
2674,2.702
3699,1.646
4106,2.109
5232,1.585
5542,1.684
5809,2.548
5847,1.52
6141,1.534
691,2.512
2635,1.676
4064,1.478
7225,1.338
7279,1.499
1083,3.497
3084,1.685
5657,1.787
5881,2.902
6934,2.105
899,3.337
921,1.868
1132,2.675
1415,2.344
2323,3.289
5738,2.548
6193,1.68
7094,1.62
7619,1.884
1385,1.928
6003,1.775
4826,1.835
7696,1.46
2379,2.068
2810,2.547
7289,1.785
1360,2.187
3623,1.937
1532,1.871
1608,2.607
4033,1.724
6664,1.898
2779,2.091
3643,2.549
6354,1.925
6657,1.936
7411,1.871
996,2.605
1537,1.521
2419,1.829
2968,1.422
5449,1.405
5679,1.401
6634,1.446
7092,1.647
1705,1.843
1820,2.687
1934,1.815
2824,2.217
7244,2.21
3241,2.056
4651,1.562
6113,1.267
6189,1.37
1545,1.963
5193,1.825
6618,1.471
1175,3.105
2837,2.08
5113,1.753
6503,1.616
997,2.381
1028,2.046
2001,3.133
2680,1.937
2980,1.552
3201,1.931
3765,1.558
4449,1.788
4812,1.552
6007,1.592
6585,1.635
3045,1.46
4732,2.272
2986,1.828
5713,1.725
1019,3.598
1257,2.477
1500,2.298
3062,2.1
4254,2.073
5437,1.762
5606,2.165
1333,2.186
4230,2.364
695,2.788
790,2.601
2685,2.505
3927,2.375
6967,1.937
1446,3.344
1508,3.786
1726,2.803
1902,2.968
1928,2.857
2795,2.804
3822,2.081
4701,2.424
4990,2.507
5052,2.375
6756,2.834
1048,2.567
1903,3.013
2615,2.382
4372,2.536
4945,1.949
5419,1.952
5459,2.242
6275,2.244
772,2.699
3036,2.122
3962,2.8
4579,2.076
1824,2.287
2644,3.404
2699,2.369
4220,3.828
4380,2.476
5141,1.674
5581,2.917
4039,1.622
6315,1.274
2559,2.175
3600,1.873
5478,1.878
5987,1.967
7549,1.478
2040,1.461
3325,2.081
3757,1.646
7928,1.412
1453,3.399
1929,1.94
1940,2.275
6575,1.451
1072,2.616
2031,1.968
2499,1.617
3075,2.055
5939,2.599
6476,1.49
7564,2.195
7790,1.642
1255,2.272
7365,1.422
3437,1.822
4854,2.07
1140,3.903
1219,2.558
1615,2.45
2410,2.972
3876,3.206
6060,2.857
7029,2.08
1310,5.002
2038,2.789
4625,1.419
7838,1.395
719,4.423
1958,2.963
2014,3.518
5524,2.057
748,2.915
802,2.546
976,3.175
2756,2.554
3126,1.61
4538,2.85
5051,2.392
5155,2.837
5353,1.735
6380,2.07
6560,2.188
7041,1.977
879,1.724
1915,1.49
4327,1.469
6652,1.794
1987,3.035
6629,1.681
1871,2.088
2299,2.278
2330,2.151
2395,2.069
3109,2.212
5312,2.422
6739,2.034
7467,2.085
3942,1.33
6010,1.547
7152,1.834
2819,1.759
4917,1.587
7240,1.671
7681,1.459
3322,2.183
6547,1.474
7979,1.688
3724,1.836
6233,1.443
7863,1.553
5364,2.244
6477,1.715
2390,2.793
2856,1.93
3434,1.966
7415,1.774
1252,1.549
1688,3.024
2372,2.824
4169,2.253
3860,1.689
780,3.617
2128,2.969
2719,1.833
4168,1.738
4404,2.019
5045,2.188
1129,2.787
2549,1.732
3121,2.302
7434,1.588
7457,1.589
4513,1.462
1528,2.581
2339,2.24
3936,2.64
1620,2.11
5566,1.833
1118,2.266
1973,2.063
5714,1.876
3668,1.895
987,2.263
2689,2.411
3439,2.601
5176,1.665
6263,1.556
6550,2.749
7879,1.579
1627,3.376
6871,2.691
7972,3.263
7987,2.975
2725,1.751
3989,1.755
3426,1.47
4989,2.394
2424,1.811
7297,1.945
3983,2.718
7183,1.961
1202,2.316
2354,1.561
1522,3.301
1458,1.988
1701,2.11
2888,1.797
3110,2.182
3431,1.827
4293,1.533
6885,1.623
7138,1.606
965,1.484
2277,2.124
3328,2.093
7438,1.387
1340,2.447
3042,1.882
4862,1.776
4883,2.179
5021,1.551
5871,2.031
1228,2.422
2192,2.405
4469,2.233
4500,1.774
6124,1.863
6196,1.961
6704,1.747
6889,1.949
7461,1.771
2346,2.661
4782,1.633
6198,1.666
3230,2.007
2815,1.564
3184,1.855
4026,2.085
4745,1.837
5178,1.959
6016,2.088
7933,1.787
1536,1.868
3192,1.679
7778,1.357
880,1.651
1108,1.64
3128,2.114
3266,2.385
6972,1.822
7424,1.961
1619,4.128
2267,2.513
2697,2.502
3069,2.881
3622,3.19
4206,2.568
4409,2.346
4510,2.543
4607,3.088
4880,2.296
5675,2.436
5814,2.103
7839,2.361
6986,2.238
5534,1.738
3986,2.796
1036,3.641
3143,1.797
3660,2.337
5699,1.923
6534,1.545
1729,2.008
2572,2.677
4589,1.33
1611,2.043
3721,1.711
5301,2.501
5380,2.339
2149,1.769
2408,2.692
3544,1.844
4430,1.815
4463,1.881
5308,1.547
5472,1.778
6232,1.683
6337,2.027
1170,2.688
1976,2.299
3293,1.418
1095,2.173
5697,1.904
789,3.295
1434,1.954
3433,1.893
3453,1.963
3842,1.647
4156,2.053
7446,1.893
7384,1.438
1045,2.752
2516,1.778
3421,2.207
1758,2.666
6050,1.695
2872,1.933
4019,1.741
6546,1.379
827,2.827
1773,1.873
2721,2.071
3276,1.762
1808,1.916
3486,1.589
4324,1.582
2163,2.538
5802,1.628
6020,1.615
6187,1.363
6392,1.542
7085,1.366
3202,1.728
3670,1.873
3440,1.751
3445,1.872
4536,1.805
3319,2.201
4777,1.861
3963,2.401
4787,2.57
6230,4.815
7583,2.221
1205,3.165
3373,1.872
3819,2.288
5269,2.252
4414,1.887
906,3.593
1685,2.987
1524,2.798
1623,3.333
2110,1.527
7965,1.855
758,2.859
2345,1.741
2839,1.449
3982,1.9
7566,1.97
7904,1.606
3205,2.276
5044,2.54
6229,1.6
6751,2.044
7594,1.692
1026,2.397
2166,1.689
4892,2.189
1698,2.258
2195,2.656
4246,2.001
1107,3.468
1982,1.998
2276,3.003
3676,1.763
4000,1.389
7270,2.25
4923,1.673
741,4.256
2266,2.173
4511,2.13
1713,2.302
2920,3.327
6364,1.621
925,1.962
7131,2.011
7377,1.685
2802,2.053
4366,1.776
5555,2.16
5499,1.819
2501,1.468
6076,1.44
1767,3.233
4269,1.541
7301,1.41
4718,1.468
6419,1.418
3005,2.652
4711,1.76
1015,2.758
2690,1.826
3367,1.913
6707,1.998
1711,2.794
2890,1.617
3852,1.876
5010,1.406
6949,1.442
7537,2.27
3504,1.827
5772,1.745
797,4.416
1080,4.478
1115,2.731
2599,3.532
2988,2.544
3420,2.467
3558,2.63
4496,2.373
5300,1.891
5940,2.457
5947,2.135
6862,2.152
2452,3.523
2602,2.396
1341,3.221
6078,2.178
3796,2.14
6840,1.632
5233,1.573
6075,2.436
1117,1.344
6239,1.433
3102,2.294
6235,1.79
6484,2.135
7698,1.633
7739,1.831
2830,2.681
2155,3.221
3473,2.041
5974,1.86
6864,1.834
942,2.399
1214,3.377
1966,2.645
2403,2.875
2832,2.013
3188,2.992
3541,3.296
3605,2.704
3828,2.75
4852,1.85
5201,2.471
5560,2.827
7061,2.641
1178,2.367
2284,2.711
2967,2.952
3027,1.584
4376,1.76
6345,1.337
7030,1.473
7095,2.071
5612,1.588
2712,2.092
4125,2.91
2938,1.525
7962,1.382
3318,1.963
6748,2.115
2066,2.565
2775,2.292
2990,2.801
3162,2.202
4542,2.754
4623,2.147
5393,3.362
5941,2.757
7631,2.488
5674,2.749
6136,2.089
6898,2.126
1158,2.177
1630,2.673
2580,2.369
2675,2.188
4299,2.178
5156,2.319
1909,2.978
2238,1.945
5054,3.034
5114,2.614
6471,3.306
7256,2.41
7916,2.062
1993,3.006
7087,1.718
7690,1.31
7780,1.523
5379,1.641
6139,1.426
7408,1.338
1024,2.669
1974,2.561
2174,2.176
2854,2.741
4678,2.629
4717,1.37
4985,2.207
6536,2.057
7184,1.846
2124,2.001
6339,1.311
1501,2.49
1588,2.032
2092,3.733
3341,2.931
4946,1.865
5122,2.587
5248,2.38
5476,1.835
5775,2.606
7352,2.095
2784,2.258
4200,2.004
5706,1.792
7161,1.535
1957,2.13
3173,2.392
3257,2.518
6145,1.679
2631,1.994
2292,1.39
5834,1.416
1054,1.989
1217,2.044
3793,1.808
3248,1.984
5664,2.494
5765,1.794
727,2.45
1674,2.13
2724,1.793
2764,1.532
3300,1.796
3359,1.786
5202,1.727
5610,1.989
6773,1.527
7226,2.015
7715,1.388
825,2.628
1306,2.517
6164,1.918
6730,1.558
5177,1.335
2461,3.74
3335,2.288
4506,2.435
4571,2.758
4739,2.223
5076,2.371
5127,2.138
5893,2.322
2077,1.811
3246,1.501
6927,1.707
3386,3.03
1672,1.973
2187,2.013
3403,1.842
1426,3.055
1667,3.326
3231,1.625
2103,1.497
1837,1.97
2734,2.257
1297,2.254
3879,2.079
5761,1.641
1271,2.813
2903,1.88
6128,2.465
3578,1.982
7452,2.376
6167,2.507
1407,3.17
2453,1.9
3259,1.803
3847,1.84
4452,1.987
6329,1.685
6605,1.936
7063,1.873
7397,2.182
1125,3.296
4424,2.098
4894,2.144
5795,1.528
6204,1.649
3501,1.958
4799,1.816
6423,2.034
4054,1.734
4752,1.865
6807,1.894
4541,2.439
4762,2.657
5427,2.925
6307,1.554
2656,2.529
1109,2.951
2464,2.334
6697,2.155
7024,2.108
1276,1.705
4573,2.197
7190,1.861
2198,2.45
3039,1.758
4952,1.699
7114,1.345
7680,1.531
2011,1.643
2539,2.577
3744,1.591
5576,2.418
1965,2.0
3250,1.733
6502,1.901
6749,1.531
2869,2.145
7036,1.659
4819,1.701
5093,1.623
6900,1.495
1406,2.881
1490,2.692
1757,2.076
2771,2.268
2981,2.353
3323,1.766
3769,2.295
4297,1.701
5125,2.127
1492,2.336
3645,2.266
4907,2.022
5244,2.77
6733,2.286
7757,1.997
6395,1.538
4405,1.963
5024,2.135
739,4.281
2303,1.77
3673,1.679
6294,1.912
5388,1.942
2767,1.977
2607,2.361
2639,1.614
2891,2.094
3029,2.336
3342,1.965
3954,1.596
5077,1.963
3803,1.695
6070,1.583
4565,2.753
6143,2.08
6846,1.959
3774,2.495
3862,1.868
4102,1.705
7996,1.788
1905,1.713
3137,1.608
4519,1.365
1143,1.878
1471,2.08
2152,2.397
2705,1.679
3692,1.586
4495,1.882
6758,1.887
1320,2.53
5859,1.441
7729,1.66
2009,2.107
2033,2.842
2663,1.796
3006,4.223
6631,1.715
1681,1.603
2776,1.795
5058,1.929
5538,1.427
2090,1.79
4439,1.915
4960,2.033
5260,1.574
7799,1.828
7986,1.974
4906,1.435
2537,1.484
2054,2.847
2508,2.625
4493,1.822
5247,2.135
6269,1.875
1733,2.488
2752,2.357
6495,2.361
6322,1.54
7334,1.473
1530,1.294
7667,1.437
1065,2.57
3974,2.325
3256,1.48
1116,3.963
1610,2.395
1696,1.914
2050,2.495
3615,1.844
4242,1.788
4282,1.562
5228,1.805
5956,1.826
4868,1.387
1740,2.519
2687,1.698
3653,1.469
2484,2.183
2682,1.726
3362,1.992
4136,1.762
5069,1.958
5139,1.862
5513,1.5
5797,2.503
7031,2.337
7218,1.88
2731,2.295
2943,1.825
1314,3.628
3517,2.844
5198,2.247
5618,2.717
1513,2.541
2229,2.409
6180,1.368
2034,2.173
4415,1.893
4517,1.501
6150,1.602
2285,2.232
3082,2.241
6786,1.435
7274,1.496
2226,2.535
3224,2.134
4114,2.347
5416,1.934
5553,2.05
6551,1.695
7245,1.84
1846,1.919
2146,2.634
2486,2.087
3444,2.649
3701,2.037
4202,2.501
5080,1.912
6556,1.953
2745,2.304
1920,2.281
2563,1.882
5776,1.535
5967,1.328
1660,1.827
1829,2.218
1856,2.016
4124,2.392
6386,1.987
6572,1.953
2616,2.395
4887,2.633
6588,1.767
7143,1.746
7974,2.243
2560,3.03
4314,1.479
1859,1.744
4255,2.104
4688,1.678
5399,1.786
2694,2.868
3046,1.667
6832,1.663
4337,1.367
5539,1.612
1794,2.114
2906,2.339
3148,2.012
3709,1.664
4141,2.449
4616,2.273
4634,1.724
5446,1.961
5921,1.727
6199,1.74
6431,1.881
4886,1.3
752,3.056
1452,2.296
1602,1.759
4847,2.205
1474,1.785
3344,1.756
5757,2.191
7249,1.832
7688,1.704
4515,1.893
4986,2.138
7535,2.01
2049,2.744
2760,1.635
5792,1.739
1569,2.467
2244,2.971
3993,2.467
5175,1.892
5231,2.065
6119,2.441
6177,1.677
6975,1.57
7069,1.735
3019,1.814
3414,2.719
3881,2.216
7880,1.59
6405,2.396
5245,2.22
6282,2.447
7791,1.378
2010,1.876
3971,1.496
4964,1.615
1506,1.707
6453,1.506
1398,2.592
1093,2.322
4154,1.405
4187,1.455
5170,1.823
6980,1.532
2078,3.06
2387,2.878
7714,2.054
4444,2.262
4837,2.158
5567,1.652
7612,2.091
4359,2.18
2822,1.551
3933,2.07
3934,1.538
7865,1.511
2143,4.165
4801,1.895
5929,1.57
2305,1.738
2933,1.52
3810,1.453
4285,1.547
5209,1.691
5453,1.684
1417,1.867
3680,1.84
3889,1.51
4143,1.863
4614,1.631
1046,2.165
2063,1.526
2431,1.695
2821,1.661
3596,1.857
3671,1.581
3850,1.894
1392,1.638
6523,1.87
3975,1.416
2168,2.394
2280,2.324
4724,1.569
4731,1.792
5605,2.296
6002,1.538
6046,1.551
2713,1.996
4186,1.738
817,3.209
2213,1.804
3122,1.379
4820,2.153
5590,1.97
6854,1.428
5401,1.503
5786,1.867
7441,1.86
7456,1.766
1448,2.334
4563,1.864
6311,1.86
6834,1.397
5325,1.571
6689,1.585
2293,2.417
3875,1.701
4029,2.21
896,3.122
1731,1.898
1899,3.382
3682,1.887
5008,1.993
5357,1.48
5980,1.762
6409,1.535
7658,1.98
7924,1.548
1847,1.653
2383,1.432
5728,1.404
5872,1.493
1331,2.157
2151,2.154
3483,1.649
4876,1.402
4183,2.622
4910,3.042
4080,1.671
1033,2.855
3992,1.565
5150,1.468
6785,1.822
1835,2.35
6330,1.451
2060,3.438
4437,2.312
4450,2.044
4769,2.065
5498,1.956
7481,1.724
938,3.337
4063,2.229
4873,3.337
7704,1.59
7684,2.135
1327,3.193
1342,2.606
2004,2.42
4264,2.761
4340,3.168
6880,2.361
4951,1.464
1489,3.472
6302,1.758
6411,1.31
7327,1.327
3957,1.819
6616,1.801
839,2.257
1465,3.478
1776,2.093
2071,2.2
2335,2.847
3213,1.846
3783,2.396
4182,2.127
4872,1.785
5640,1.491
7073,1.406
6732,1.238
2081,2.622
4448,2.364
5457,2.867
4113,2.235
5091,1.656
5532,1.481
2924,2.656
2962,2.389
5056,1.364
4173,1.816
7969,1.69
3795,2.078
6114,1.905
6599,1.567
5917,1.448
7959,1.456
1381,2.196
3588,2.471
6267,1.703
7676,1.989
3572,1.769
5106,1.391
5815,1.578
2714,1.579
4646,1.716
5019,2.243
1980,1.424
3845,1.554
5672,1.498
6133,2.345
1784,2.887
2972,1.317
6564,1.564
7093,1.539
7776,1.434
2828,1.985
2897,1.856
6461,2.031
4312,1.567
5345,1.284
7756,1.395
4572,1.493
7011,1.35
4126,2.194
2468,1.818
4134,1.493
2135,1.447
6041,1.532
4893,2.581
2783,1.998
4071,1.33
4746,1.483
1796,3.911
2442,1.821
3456,1.438
7193,1.417
6397,2.946
7181,2.044
2750,1.984
5165,1.763
5204,1.892
7413,1.652
2590,1.766
3800,1.722
1523,2.703
1781,1.924
4635,1.578
6594,1.373
6825,1.968
2722,1.43
2831,1.564
4431,1.965
5801,1.483
4385,1.604
6421,1.857
5747,1.292
2556,2.059
2489,1.559
2904,1.736
3191,2.484
3506,1.585
5407,2.096
4934,2.162
1377,2.405
1851,2.91
2349,2.469
3004,2.069
5562,2.007
5653,1.826
7215,1.98
7859,1.611
3193,2.612
3818,2.039
5151,1.672
5915,1.902
6870,1.614
7080,1.79
1091,2.087
2023,1.942
2652,1.322
3950,1.613
6367,1.739
1795,2.027
4122,1.474
2953,1.692
1826,1.937
5953,2.02
5961,2.535
6321,1.889
1706,1.703
6192,1.821
7318,1.961
4712,1.903
1279,2.576
4741,1.96
4959,1.995
5007,2.131
5377,2.495
7978,2.084
7303,1.499
2119,3.104
3308,2.626
4551,3.008
4709,2.66
5168,2.291
5251,2.612
6690,2.61
7746,1.967
7867,2.472
4035,1.441
5868,1.347
6776,1.886
1616,2.341
2210,2.829
4105,3.528
4560,3.27
3892,1.829
5428,1.631
7156,1.707
3449,2.282
2255,2.075
4522,1.608
6682,1.352
6814,1.413
7678,1.385
1152,2.788
2470,2.046
5354,1.448
5544,1.608
6677,1.976
7848,1.703
6701,1.431
7018,1.28
7368,2.505
5339,1.41
6358,1.254
3106,1.671
3215,1.883
4072,1.878
6336,1.735
6445,1.72
6705,1.317
6824,1.423
6998,1.755
7831,1.529
3288,1.669
3264,2.509
5973,1.491
1833,1.718
3089,2.34
4395,1.508
5184,1.436
4897,2.255
6989,2.199
7059,2.133
7822,1.644
4131,1.467
1617,2.375
4132,1.338
5330,1.722
3747,1.232
6051,1.421
2609,1.707
2902,2.585
6067,2.338
7771,1.583
5556,1.836
6203,1.869
7182,1.771
4145,1.98
5293,3.218
7659,1.531
6137,1.551
5932,1.441
2649,2.217
6467,1.611
7310,1.732
7430,1.703
2628,1.613
6923,1.294
6904,2.116
1364,2.105
3007,1.825
5414,1.484
2852,1.89
3282,1.538
5135,1.387
5840,1.354
7584,1.886
3161,2.301
5764,1.366
6151,1.842
1229,2.155
4503,1.725
1911,1.812
2882,1.894
3457,1.814
3734,1.652
3758,1.965
6427,1.583
6750,1.418
3274,1.624
6703,2.004
1649,1.733
3340,1.888
3780,1.495
4575,2.251
4919,2.996
6658,1.851
2746,1.69
1977,4.22
2820,3.185
4594,2.636
6097,2.829
4370,1.989
6700,1.3
1666,1.889
3185,1.359
7395,1.686
2581,2.514
3129,2.454
7882,1.961
2021,2.266
7192,1.819
4505,2.295
3710,2.503
7841,1.694
3060,1.983
5901,1.718
7032,1.565
5527,2.154
7927,1.365
3556,2.012
4818,1.576
2359,1.783
2406,1.662
2778,2.482
5384,2.424
5687,1.678
5979,1.784
4738,1.295
3435,1.599
5804,2.279
3427,1.799
4473,1.951
5181,1.643
5512,1.837
5771,2.571
6370,1.71
2952,1.546
3551,1.726
3130,1.516
6942,1.408
1618,1.594
4843,1.797
3312,1.812
1720,2.665
2833,1.588
7724,1.746
1247,2.736
3018,1.624
3497,1.885
6343,1.389
7012,1.779
6390,2.227
6912,2.642
1192,3.668
3762,1.735
5336,1.755
7922,1.44
3756,1.406
5463,2.535
4215,1.762
4238,1.941
1161,2.188
1785,2.308
2026,3.622
3347,2.399
4077,1.572
4263,1.637
4582,2.152
4977,2.56
7153,1.957
7189,1.461
1592,2.779
4158,2.854
6206,2.057
7120,2.254
7970,2.04
5195,2.059
3002,2.621
5443,1.567
2696,2.507
3720,1.51
5754,1.413
7912,1.302
3639,1.532
4069,1.882
3787,1.76
4728,2.122
6310,1.924
6996,2.458
4251,2.493
3651,1.377
5554,1.615
6120,1.352
1743,1.998
2368,1.545
6099,2.112
6264,2.76
7371,1.485
3295,1.88
3595,2.401
4774,1.473
5216,1.427
7367,1.643
7519,1.445
1634,2.464
7381,1.972
2800,1.392
5970,1.274
4057,2.603
5425,1.572
1382,3.125
4121,1.401
4699,1.547
5012,1.963
2409,1.848
4204,1.35
3394,3.404
7502,2.251
7716,2.175
5733,1.652
2260,2.814
2467,1.567
2955,1.953
2958,1.469
5464,1.783
5637,1.788
6617,2.253
5694,1.642
6454,2.068
6155,1.838
7252,1.344
1788,2.469
4060,2.149
4441,1.697
6792,1.561
2575,1.884
2971,2.833
3867,1.724
6508,1.468
4661,2.04
5451,1.76
1391,5.114
1525,2.825
6389,1.729
2358,2.08
2451,1.983
6886,1.459
7364,1.467
6023,1.519
3952,1.761
3960,2.0
2357,1.31
3145,1.336
3778,2.575
3611,1.603
4151,1.503
7382,1.544
3965,1.49
7338,2.375
1380,2.486
5926,1.909
1863,3.475
3597,2.667
5529,1.855
7937,2.048
3033,1.868
4036,2.041
5958,2.22
6398,1.716
2901,1.729
2941,1.986
6112,2.246
1815,2.307
1475,3.162
4606,2.429
7876,1.708
2030,2.253
1704,1.865
1978,1.419
7950,2.121
5435,1.451
3107,1.464
7175,1.282
5334,2.145
3894,2.212
4545,2.461
5071,3.573
5639,2.042
6987,1.787
7373,2.345
1914,1.908
4090,1.305
5854,1.427
2603,1.925
5791,1.655
7665,1.739
3353,2.163
3941,1.768
2317,2.029
1917,2.482
5246,1.373
6708,1.529
7548,1.723
6324,1.645
2248,1.773
2735,1.494
2777,2.213
3848,2.401
3948,1.973
4079,1.36
6468,1.54
7383,1.908
2191,2.432
4851,1.968
2956,1.356
7168,1.43
5798,1.801
7824,1.413
4562,1.743
5030,1.465
6948,1.483
3817,2.391
2939,1.424
6152,1.55
4091,1.488
7104,1.856
1256,2.943
3383,2.06
4566,1.925
4096,2.963
4723,2.075
5743,2.655
4957,1.421
5239,1.871
7810,1.414
2809,1.657
4175,1.942
7262,1.572
4044,1.47
6176,2.098
5016,1.394
4320,1.837
4474,1.435
5386,1.822
5690,1.646
5160,2.046
3598,1.254
7654,1.379
3041,1.823
3846,1.679
4236,2.003
4870,1.458
7907,1.5
4498,2.198
4845,1.733
7326,1.461
7898,1.605
1577,2.049
2173,1.45
2279,2.449
3175,1.585
3214,1.581
3562,1.57
4901,2.086
6116,1.615
6625,1.746
3471,2.314
2846,2.444
3666,1.497
3834,1.814
4987,1.725
6250,1.34
6812,1.443
7079,1.614
5519,1.312
5552,1.981
5039,2.042
2576,1.93
4309,2.983
2862,1.486
3054,1.466
4729,1.674
1737,1.754
4798,1.261
7088,1.352
1984,1.8
2182,1.792
3200,1.849
4815,1.614
4159,2.019
7221,1.644
1444,1.453
4041,1.85
1421,2.415
3043,1.394
6441,1.691
3140,2.022
6438,1.352
3631,2.105
6181,1.357
7013,1.617
2718,2.97
4007,2.159
5448,2.401
4553,2.401
2418,1.89
7627,1.306
2362,2.564
2558,1.869
2840,1.647
2436,1.738
3378,1.723
2761,1.43
5333,1.726
5741,1.671
2540,1.785
3620,1.923
5309,2.052
5391,1.817
7918,1.557
5936,1.619
1445,1.999
3320,2.23
5526,1.647
5745,1.522
6444,1.58
7048,1.423
4940,1.694
6308,1.678
4696,1.387
7038,1.284
2172,2.132
2411,1.919
4148,2.196
5846,1.542
6161,1.877
2909,1.441
2960,1.557
5678,1.338
7163,1.445
4076,1.312
6660,1.637
2398,1.699
3379,1.349
3290,2.357
5280,1.608
7606,2.679
5257,1.629
2640,2.261
5290,1.757
6984,1.551
1745,3.578
4002,2.049
5652,1.784
6817,1.73
7162,1.619
2427,2.095
3028,1.48
3363,1.584
5317,1.968
7493,2.454
7892,1.353
4292,1.987
5433,2.239
6304,1.702
7339,2.58
1996,1.95
3657,1.611
5998,2.282
6265,2.251
7995,1.551
2181,2.066
2286,1.739
4068,2.264
4073,2.693
5620,1.588
4465,2.177
3056,1.697
6954,1.409
7709,1.292
2583,1.619
6795,1.52
6538,1.307
7429,1.621
6178,1.635
7056,2.344
6957,1.473
7295,1.34
2918,1.639
3953,2.125
5389,1.419
7127,2.782
7281,1.375
7522,1.667
7234,2.61
7306,1.364
7508,1.345
5268,1.492
5742,1.462
5827,1.569
4088,1.312
7455,1.509
6429,1.47
2169,1.627
4381,2.208
6897,1.779
7675,1.519
4793,1.546
6462,1.582
6945,1.52
7280,1.474
3725,2.688
5711,1.377
7625,1.669
2937,1.64
5036,2.411
5344,1.736
7894,1.786
3722,1.712
4417,1.799
7701,1.649
4974,1.84
7941,1.435
5115,1.385
6626,1.513
6667,1.492
7464,1.719
3055,1.747
4576,1.434
4598,1.448
6578,1.67
7513,1.474
2252,3.061
3878,1.563
2365,1.333
3271,1.995
3664,1.604
3929,2.117
5311,2.291
7826,1.903
5700,1.416
5088,1.776
2363,2.221
6734,1.705
1594,1.795
1912,2.652
2947,2.363
5831,2.088
6087,1.679
6109,2.248
5412,1.729
7707,2.09
7835,1.99
1828,2.292
3627,1.388
6186,1.795
7283,1.405
5975,1.79
6094,2.159
6332,2.939
6806,1.949
4133,1.227
2190,2.485
2691,1.531
4045,2.407
5366,1.896
5920,1.599
7039,1.817
2620,2.045
1924,1.81
2371,1.899
5015,1.489
5623,1.357
7783,1.358
4680,4.337
5119,2.147
3119,1.795
3211,1.497
1691,1.905
5136,2.315
6483,2.01
5624,1.642
7268,1.356
7172,1.649
4781,1.259
7875,1.364
2385,2.534
5445,1.329
5710,1.289
3961,1.297
6960,1.577
7158,1.479
6991,1.659
2874,2.029
2347,3.574
2762,3.061
3741,1.953
4107,1.738
5779,1.641
6548,1.711
6956,1.685
7510,1.655
4954,1.541
6735,1.786
2907,1.904
4916,1.283
5095,1.643
5188,1.978
5856,1.549
5217,1.637
6544,1.379
1612,2.001
5035,1.487
1890,2.757
4296,1.839
7851,2.056
1289,2.056
4171,1.495
4239,2.263
6272,1.46
3730,1.869
2361,1.778
4839,2.295
6190,2.01
6593,1.635
6671,1.726
7071,1.868
3805,3.128
5631,2.685
6604,1.805
6679,1.632
4067,1.759
6772,1.369
2921,2.091
5591,2.461
6301,1.516
7016,2.109
7420,1.947
7568,2.033
7705,1.732
1621,2.281
4284,1.511
7632,1.341
7683,1.477
5730,1.307
3836,1.978
4196,1.815
6753,1.649
5303,1.868
6328,1.319
7290,1.801
4288,1.382
5897,1.328
2698,1.541
4650,1.578
4749,1.388
5046,2.005
1862,1.753
3553,2.452
3882,2.489
4100,1.787
3477,2.223
5149,1.654
6091,1.881
7003,1.435
6977,1.414
5066,1.318
5518,1.864
7960,1.622
2797,1.947
5298,2.422
6769,1.546
4956,1.559
5067,1.322
7443,1.344
2443,2.755
2610,1.699
3626,1.875
5643,1.603
7878,1.624
4516,1.476
5253,1.432
7694,1.436
4265,1.459
4660,2.239
3702,1.849
1850,2.185
3001,1.75
4525,1.726
5411,1.517
6138,2.285
2510,2.189
6621,1.964
2949,1.507
4813,1.498
5063,4.257
6571,1.459
7057,1.48
4593,1.582
5642,1.753
3385,1.741
4247,2.033
3210,2.951
2759,2.381
1919,1.665
6688,2.074
7618,1.337
1759,2.136
4400,1.475
5490,1.472
7781,1.477
6533,1.536
5990,1.412
5770,1.818
7498,2.095
2472,2.518
2848,2.046
3147,2.832
5140,1.927
5598,1.686
5692,1.522
4351,1.719
5902,1.348
2993,3.05
4030,2.092
4211,3.362
2039,2.387
4192,2.551
5645,1.474
6943,1.927
4908,1.429
6504,1.389
4373,1.75
2526,2.947
6586,2.366
4432,1.623
2076,1.431
4958,1.921
7820,1.317
5163,2.111
5205,1.399
6162,1.382
5726,1.654
4577,1.435
4294,1.559
3564,1.72
5318,1.442
6388,1.707
5824,1.652
7547,1.441
3619,1.956
4013,1.464
4061,1.614
1935,3.59
7531,2.072
3152,1.89
4639,2.537
3555,1.77
6645,1.385
1817,2.608
4155,2.935
3594,1.425
7686,1.431
4570,1.625
4016,1.899
5704,1.544
5971,1.689
6866,1.405
7208,1.289
7530,1.5
3538,1.511
5454,1.873
7228,1.584
1582,2.628
2726,2.383
4119,1.921
1562,2.427
5735,1.29
5146,1.358
3207,1.881
3770,2.086
3877,1.908
7520,1.571
6168,1.321
3398,1.591
4555,1.854
1714,1.395
3955,1.851
5629,1.41
7176,1.373
4518,2.908
2658,1.527
2586,1.494
3468,1.57
3897,1.413
6243,1.373
2765,1.893
2650,1.866
3915,1.868
4655,1.328
5680,1.271
6524,1.573
5152,1.34
5120,2.129
5321,1.364
6172,1.525
6579,1.528
7403,1.416
6295,1.923
5131,1.638
2596,1.678
5362,1.724
2177,2.258
2931,1.464
7108,1.952
3634,1.808
4354,1.265
6958,1.268
7332,1.273
1937,1.802
4758,1.559
5515,1.472
3448,1.618
7330,1.407
4329,2.452
6566,1.631
5358,1.577
6034,1.773
5561,1.363
5807,1.396
6602,1.642
5302,1.285
2905,1.995
5718,2.027
5026,1.262
6456,1.776
3498,2.19
4362,2.834
7655,2.164
1986,2.837
2520,1.873
4861,1.669
7721,1.9
5578,1.925
3226,1.769
4939,1.755
6878,1.542
7543,1.495
3396,1.703
6937,1.342
2490,1.692
6659,1.33
2570,1.687
4403,1.657
2075,2.58
3752,1.878
3812,1.377
6130,2.875
7845,1.418
3305,2.067
7947,2.04
7298,1.721
4219,1.613
5691,2.324
5402,1.398
3165,1.746
4435,1.776
6326,2.999
7273,1.335
7599,1.351
2922,1.414
2942,1.812
3563,1.573
5832,2.104
7308,1.752
3124,1.651
7887,1.841
2133,1.936
2236,1.94
2532,2.22
6284,1.844
3802,1.622
5609,1.695
5371,1.402
7944,1.45
6237,1.802
7604,2.482
6157,1.528
7213,1.682
3554,2.785
3733,1.778
4174,1.713
5338,1.739
7515,1.386
3310,1.353
3565,2.711
4529,1.42
3329,1.673
4756,1.572
5825,1.978
1999,2.019
5682,3.127
4466,1.864
7512,1.989
3662,1.477
4722,1.477
2578,2.179
5783,1.404
6516,1.521
5208,1.609
5495,1.995
7185,2.219
5043,1.38
6262,1.597
1854,1.707
4803,1.596
6480,1.78
7728,1.756
5702,1.479
6591,1.648
4209,1.477
5962,1.455
7800,1.32
2104,1.302
2289,2.046
3455,1.694
4805,2.283
3937,1.719
4580,2.184
5844,1.34
1689,2.294
3478,1.563
6607,1.307
4827,1.707
5633,1.469
7453,1.803
3079,1.494
4662,1.927
5684,1.594
5296,1.761
5641,1.733
7194,1.586
7100,1.351
4031,1.489
6057,1.487
7000,1.818
7021,1.684
7165,1.532
7370,1.927
2528,1.82
3935,1.949
4705,1.93
5075,1.618
5090,1.72
5878,1.673
6073,1.436
6995,1.771
7150,1.829
7436,1.524
7789,1.881
5593,1.643
7784,1.422
5383,1.324
2957,1.623
5894,1.606
7646,1.748
6721,1.863
4252,1.409
7391,1.521
4948,1.812
7940,1.514
3388,1.688
3078,2.096
7598,2.014
7825,1.607
7387,1.541
6670,1.375
7007,1.748
6158,2.12
3917,1.284
4962,1.411
5501,2.017
6757,1.465
5963,1.438
6650,1.355
6731,1.686
7741,1.489
2686,1.915
5845,1.388
7571,1.637
4147,1.734
6428,1.987
3521,2.4
4689,1.266
4489,2.003
3928,2.366
6271,1.529
3837,1.724
6614,1.586
7426,1.527
7919,1.665
3346,1.71
4484,1.343
6951,1.444
7166,1.549
6093,1.298
7931,1.509
3511,1.768
4618,1.438
5429,1.612
7004,1.365
7805,1.872
3857,1.453
4326,1.718
7812,2.418
2605,2.104
4535,2.207
4942,2.399
5432,1.847
6205,1.87
3726,2.044
5483,1.494
2679,2.482
7201,1.457
6833,2.326
7910,1.66
4842,1.751
6434,1.908
4574,1.767
4950,2.286
3672,1.862
2234,1.722
2642,2.634
3534,2.004
4704,1.454
5677,1.382
3540,1.897
5275,1.769
4272,1.629
5838,1.274
5982,1.327
6052,1.683
3460,1.641
6006,1.728
6884,1.507
7096,1.403
7101,1.361
3835,2.074
5000,1.945
2412,2.027
5447,1.654
6501,2.034
6762,2.883
6919,2.14
4371,2.138
6440,1.409
5667,1.335
3150,1.772
3755,1.51
5074,1.446
5466,1.654
5769,1.686
5406,1.575
3895,1.329
4350,1.763
2618,1.696
2413,1.956
5304,1.688
7992,1.52
2806,2.521
3808,1.479
4458,1.528
7748,1.503
3991,3.243
2625,1.363
1793,2.133
2005,2.431
3384,2.171
3886,1.58
5004,1.896
5851,1.68
6554,1.499
6990,1.742
7939,1.517
6896,1.301
4188,1.493
5101,1.504
6111,2.064
7354,1.359
7651,1.371
7475,1.449
4949,1.459
4330,1.653
3454,1.693
4333,1.356
2227,1.332
3872,2.032
6809,1.593
7272,1.712
7263,1.752
4356,1.837
5295,1.703
6744,1.306
7569,1.393
5070,1.899
4040,1.422
7682,1.388
6036,2.541
7396,1.547
2509,1.675
6922,1.494
7786,1.602
3528,2.146
3918,2.354
6350,2.29
7558,2.098
7818,1.819
7516,1.47
7850,1.363
2867,1.82
5575,1.611
5372,1.497
3273,2.165
5346,2.543
6738,1.467
5818,1.302
5487,1.542
5551,1.567
7375,1.422
6828,1.484
2843,2.337
6766,1.384
6053,2.219
1995,1.749
2233,1.708
4590,1.977
5025,1.647
5841,1.629
5949,1.463
7001,1.738
7719,1.404
5823,1.666
2732,1.706
3255,2.031
2914,1.4
3030,2.115
3568,1.6
7439,1.66
4157,2.431
7422,2.084
7842,2.043
6654,1.267
4267,1.26
3153,1.419
5272,1.677
6290,2.269
3182,1.77
3968,1.451
4821,1.773
7254,1.616
7407,1.52
5444,1.468
6768,1.491
7747,2.255
4630,1.885
6500,2.856
5806,1.775
3047,1.884
3352,1.452
3754,1.848
5891,1.534
6100,1.44
7486,1.365
5436,2.64
5500,1.445
3550,1.446
5161,1.476
6595,1.584
7406,1.299
5709,1.388
2916,2.059
3705,1.43
6244,1.45
2022,2.253
6183,1.586
3873,1.694
7460,1.67
4930,2.098
6103,1.738
4181,1.918
5751,1.486
6391,2.243
3748,1.755
6649,1.323
6182,1.896
7466,1.324
2748,1.893
5493,1.572
5630,2.012
6406,1.392
5736,1.298
7858,1.447
4748,2.298
6760,1.384
3463,1.35
2965,2.218
4464,1.385
6939,2.027
7738,1.695
7881,1.399
4212,1.986
6827,1.685
4083,1.757
4981,1.717
6194,2.185
4737,1.414
4097,1.578
5189,1.433
7223,1.31
6224,2.3
7587,1.831
7888,1.312
6905,1.664
7868,1.405
6363,2.596
7431,2.497
4387,1.562
4882,1.392
7128,1.325
7507,1.416
2500,2.244
3286,1.416
3617,1.448
3790,2.081
4641,1.806
3859,2.394
4095,2.143
7470,1.542
2772,1.563
4568,2.339
7967,3.244
4961,2.036
3237,1.718
3422,1.371
4909,2.194
6058,1.678
6693,1.587
3646,1.398
5305,1.294
5762,1.525
2878,1.725
6823,1.48
3081,1.318
5465,1.451
5225,2.354
7449,1.759
6323,1.406
2208,1.748
4697,1.389
2711,1.261
3330,1.404
3606,1.992
6240,1.414
7595,1.647
5494,1.447
6938,1.786
2428,1.244
4850,2.28
4665,1.373
4050,1.715
6470,1.515
5549,1.737
4627,1.495
6849,1.462
3731,1.67
7807,1.484
5900,1.24
5767,1.428
3768,1.657
6309,1.798
6648,1.757
5928,1.879
6813,1.297
4721,1.746
3994,1.996
7451,1.563
7205,1.926
3268,1.487
4636,1.544
7674,2.187
5373,1.538
5650,1.376
5331,1.35
5065,1.518
4904,1.54
2998,1.909
7309,1.608
6868,1.647
5983,1.754
6146,1.383
6258,1.812
3372,1.596
5951,2.157
7476,1.39
7779,1.458
2440,1.705
4674,1.637
4621,2.172
3583,1.579
2301,2.388
5462,1.657
6426,1.353
4658,1.39
4092,1.53
7478,1.72
4170,1.422
5805,1.902
7712,1.6
6056,1.417
2865,2.217
7623,2.063
2950,2.529
5588,1.506
5753,1.883
7067,1.297
7866,1.728
3013,1.611
2876,2.533
2987,2.809
5506,2.265
6201,1.761
5676,1.251
5222,1.498
7157,1.934
3669,1.606
6184,1.405
7521,1.238
7722,1.565
7212,1.463
6153,1.615
4831,1.579
5057,1.31
3806,1.564
4790,2.566
6025,1.401
4325,1.293
4867,1.781
5267,1.604
5626,1.379
3302,1.383
6376,1.402
3180,2.267
6357,1.318
6962,1.998
5991,1.451
7991,1.363
3194,1.452
4089,2.003
6379,1.948
3031,1.248
4231,1.691
5281,1.64
7448,1.374
7573,1.305
4178,1.332
2709,1.381
7500,1.479
7775,1.487
6745,1.329
3905,2.042
7534,1.512
4275,2.091
7785,1.5
6852,1.454
5879,1.342
7787,1.338
7459,1.474
4280,1.635
4656,1.497
7764,1.486
4468,1.606
7679,1.565
7699,1.402
4021,2.579
5651,1.553
2861,1.412
3010,1.831
6018,1.722
4341,1.485
7760,1.319
4659,1.981
5031,1.587
5431,1.362
6298,2.059
6715,1.433
3693,1.329
5985,1.292
6259,1.348
5355,1.465
4274,1.841
7147,1.473
3925,1.743
5382,1.621
5558,2.092
5062,1.39
5254,1.407
4848,1.367
2799,2.356
4492,1.583
5148,2.026
5492,1.656
3160,1.615
3519,1.899
6573,1.561
6924,1.456
5685,1.42
5763,1.578
7068,1.409
5356,1.518
5594,1.689
5249,1.216
6140,1.56
3856,1.522
7489,1.501
3048,1.486
7813,1.668
2386,2.3
4290,1.552
4389,1.336
7874,1.577
6404,1.575
6930,1.672
4719,1.803
7796,2.617
5899,1.758
5408,1.565
7815,1.391
3263,1.644
4115,1.51
6451,1.681
5009,1.515
6246,1.562
6496,1.953
6413,1.603
7379,1.705
4687,1.868
6039,1.913
4922,1.275
4668,1.621
7054,2.114
4991,2.12
4434,2.928
6283,1.343
5250,1.374
6519,1.546
6068,2.335
7605,1.44
4483,1.684
4694,1.715
6590,1.339
5413,1.986
6163,1.822
4830,1.794
5938,1.434
6740,1.728
4617,1.962
3334,1.501
7133,1.593
7248,1.412
7291,1.467
7285,1.335
2695,1.399
3868,1.506
4773,1.537
4757,1.418
7293,1.386
5693,1.541
7827,2.101
4794,1.449
7695,1.479
7989,1.413
5800,1.636
2667,1.354
6736,1.469
7833,1.654
7934,2.487
5197,2.118
4310,1.621
3291,1.789
6899,1.827
7588,1.439
2662,2.206
4753,1.862
6950,2.101
6643,1.804
5319,1.719
3912,1.632
4679,1.517
7195,1.585
7458,1.65
7740,1.307
7795,1.464
7160,1.334
5310,1.377
6993,1.471
6081,1.49
4334,2.355
2641,1.623
4597,1.507
5167,1.472
6874,1.388
7871,1.318
7905,1.287
7164,1.313
4814,1.222
2870,1.64
3577,2.022
4695,2.248
3782,1.535
7809,1.859
6197,1.399
5523,1.523
6344,1.434
7124,1.666
6325,1.333
7398,1.424
4208,1.43
7624,1.338
5005,1.871
3546,1.47
7629,2.029
2513,2.963
7454,1.625
4229,1.48
6811,2.262
5277,1.701
7296,1.406
7657,1.382
5848,1.484
4638,1.358
4969,1.31
5442,1.387
4507,1.652
5116,1.2
6801,1.331
4243,2.231
4846,1.751
3698,1.424
4554,1.378
5363,1.717
7647,1.957
6188,1.805
3424,1.482
5858,1.43
5547,1.388
5289,2.037
6529,2.191
6879,1.407
7984,1.474
7797,2.534
6712,1.25
6439,1.297
7174,1.461
3397,1.862
2733,1.543
6378,2.143
5014,1.68
3178,1.676
5571,1.408
2780,2.92
5830,1.534
3931,1.651
4549,1.645
5055,1.523
7664,1.52
2552,2.009
5942,1.806
3064,1.885
4578,1.458
4532,1.556
5790,1.957
7188,1.489
6752,1.361
5456,2.318
5533,1.372
5794,2.086
6968,1.314
5744,1.256
5486,2.108
4807,2.369
4779,2.142
5103,1.627
4619,1.42
5808,1.862
6718,1.744
3612,1.377
6063,1.396
6458,1.344
4838,1.268
3625,1.81
6779,2.286
5072,1.395
6490,1.553
6844,1.518
7356,1.568
6925,1.304
6349,1.337
7145,1.625
7653,1.349
3438,2.638
6822,1.269
3225,2.111
5343,1.461
6208,1.411
4383,1.519
7276,1.512
7702,1.315
4048,1.271
5520,1.517
7247,1.801
7671,1.861
4530,1.268
5173,1.374
3807,1.813
4996,1.417
5688,1.473
5874,1.786
3402,1.384
6098,1.451
7597,1.824
3785,1.726
4281,1.595
4166,2.029
6873,1.307
4734,1.498
7949,1.511
3647,1.894
7266,1.365
7953,1.312
4066,2.022
5001,1.42
7211,1.28
4869,1.583
7849,1.411
6562,1.671
5041,1.493
4244,1.461
5368,1.398
7388,1.703
6455,1.793
6565,1.627
4824,2.618
6101,1.719
4891,1.407
4918,1.244
5863,1.297
6973,2.094
6581,1.382
5110,1.412
5981,1.256
7227,1.401
6024,1.4
5082,1.647
7342,1.287
7921,1.574
4915,1.526
5817,1.645
7359,1.353
4613,1.518
5927,1.403
7673,1.275
5441,1.376
4896,1.302
7378,1.55
7123,1.496
7639,1.518
4759,1.332
7580,1.622
3610,1.875
6286,1.978
7159,1.964
7637,2.178
3891,1.673
6029,1.668
6479,1.492
4253,2.148
6764,1.507
6881,1.514
5252,1.743
6403,1.303
4479,1.53
6234,1.332
7801,1.357
7250,1.319
5111,1.402
3116,1.989
6552,1.647
7749,1.26
5405,1.389
5627,1.277
4070,1.852
7237,1.577
5241,1.552
3014,1.536
7344,1.498
7648,1.334
6726,1.811
6000,1.466
6651,2.186
7025,1.508
4644,1.733
3630,1.495
5849,1.406
7474,1.489
5957,1.46
6489,1.369
7544,1.69
6727,1.415
7333,1.944
4488,1.501
7321,1.263
6448,1.296
7585,1.959
7435,1.815
3902,2.082
4970,1.641
6486,1.579
5361,1.236
5723,1.573
5068,1.386
7755,1.346
7282,1.515
3380,1.749
5350,1.556
7015,1.491
6611,1.746
7633,1.928
7097,1.951
5002,1.348
6257,1.301
3629,1.85
5230,1.399
7561,1.903
6088,1.567
3706,1.582
6280,1.526
4504,1.308
5367,2.359
5297,1.274
6600,1.598
4094,2.345
7553,1.57
6312,1.523
5085,1.715
6387,1.373
3516,1.483
7136,1.246
7641,1.29
6373,1.642
6761,1.25
7717,1.313
6532,1.33
6737,1.397
4935,1.478
5455,1.362
5385,1.243
5955,1.82
7993,1.816
6095,1.538
7983,1.444
7442,1.693
6946,1.969
4953,1.934
4768,1.702
4162,2.095
7231,2.018
5477,1.331
3532,1.792
7575,1.312
5734,1.685
6818,1.442
5508,1.372
5886,1.229
7710,1.65
3890,1.572
5669,2.264
5945,1.559
6460,1.756
3814,1.537
4588,1.697
7335,1.303
7126,2.694
5235,1.509
5378,1.313
5092,1.857
6669,1.332
7346,1.529
5050,1.598
7677,2.145
6118,1.335
7179,2.253
7350,1.723
6624,1.521
6348,1.478
4004,1.527
6507,1.402
5265,1.817
7652,1.264
7202,1.301
3326,1.993
4858,1.714
3650,1.884
6466,1.68
3732,1.404
5565,2.043
7976,1.48
4834,1.546
5883,1.374
7906,1.691
5507,1.333
7433,1.586
7836,1.532
5376,1.2
7149,1.231
7628,1.43
7419,1.577
7191,1.246
7078,1.391
6340,1.631
5930,1.546
7602,1.467
4550,1.647
6464,2.212
4543,1.449
6983,1.831
7864,1.492
7399,1.618
6518,1.331
7034,1.2
6005,1.502
7199,1.423
3967,1.343
6545,1.296
7487,1.526
6793,1.59
6656,1.396
7116,1.331
5503,1.361
5584,1.339
7343,1.437
7542,1.933
5271,1.267
6123,1.291
6191,1.672
7440,1.305
7626,1.345
5415,2.097
4003,1.567
5394,1.491
5360,1.575
6630,1.57
5670,1.438
6054,2.223
7132,2.119
6710,1.49
7014,1.896
7479,1.381
6542,2.142
7447,1.355
4368,1.381
5656,1.394
7772,1.63
7072,1.801
3712,1.305
6105,1.357
4931,1.245
6963,1.485
6763,1.671
7210,1.384
6037,1.596
4384,1.643
7538,2.05
7485,1.666
7821,1.689
6001,1.746
7204,1.35
7186,1.29
7229,1.338
7060,1.274
6353,1.303
7744,1.841
5628,2.243
4992,1.362
5531,1.726
5288,1.503
6985,1.916
5722,1.235
4829,1.507
7948,1.334
5323,1.449
4461,1.369
7985,1.315
5489,1.357
6417,1.936
7049,1.743
4423,3.623
5548,1.568
5907,1.266
5557,1.765
4343,1.397
6513,1.508
7662,1.463
6173,1.257
6969,1.408
6853,1.215
5837,1.86
4849,2.127
5504,1.56
6061,1.435
4899,1.968
4911,1.279
6978,1.419
7037,2.477
7357,1.375
6493,1.434
6755,2.419
7687,2.658
7952,1.383
5644,1.328
5221,1.597
7312,1.271
7450,1.645
6047,1.436
5423,1.285
7472,1.354
7300,1.432
6096,1.783
4657,1.472
7581,1.257
6292,1.309
5387,1.859
7936,1.237
6314,1.854
6170,1.561
7736,1.278
6463,1.299
5138,1.725
4234,1.512
6521,1.454
7494,1.267
5885,1.435
5978,1.741
5986,1.54
6613,1.272
4877,1.498
5924,1.488
7511,1.37
4725,1.751
6485,1.309
5329,1.306
6805,1.417
7503,1.427
7638,1.622
6908,2.293
5579,1.253
5276,1.369
4775,2.293
5944,1.387
5995,1.552
7524,1.402
7971,1.249
6394,1.375
7792,1.338
5242,1.397
6132,1.578
6647,1.253
6890,1.678
6293,1.298
7808,1.238
5132,1.906
5299,1.36
5660,1.415
7923,1.639
7852,1.385
5200,2.094
7224,1.923
6511,1.358
6261,1.356
5686,1.554
7634,1.337
6149,1.3
7973,1.243
7557,1.412
7642,1.271
5467,1.628
7135,1.545
5220,1.768
7155,1.282
7929,1.529
7745,1.347
7811,1.392
7649,1.358
7081,1.751
7935,1.244
6090,1.938
7076,1.331
7005,1.26
7304,1.288
6965,1.336
7033,1.296
7328,1.381
6582,1.42
7402,1.426
7817,1.27
6678,1.236
6338,1.813
6687,1.862
7323,1.352
5607,1.47
7317,1.472
7265,1.824
7804,1.288
7405,1.314
6857,2.252
7465,1.198
7765,1.241
7847,1.375
7142,1.586
7853,1.27
5876,1.904
5410,1.24
7058,1.653
6014,1.546
7482,1.28
6498,1.364
7428,1.53
7607,1.369
7981,1.826
7546,1.448
7219,1.446
6291,1.333
7946,1.468
7196,1.418
7890,1.488
7608,1.265
6759,1.619
6815,1.271
6435,1.778
7260,1.553
6767,1.344
7761,1.537
7570,1.941
7951,1.642
7555,1.413
7958,1.297
6964,1.298
7897,1.295
7885,1.248
7844,1.292
7578,1.227
7977,1.415
7697,1.364
